Name,Type,Sector Focus,Stage,Geographic Focus,Diversity Focus,Check Size,Lead/Follow,Application Type,Website,Pitch URL,LinkedIn,Twitter,YouTube,Notable Portfolio,Notes
Golden Seeds,Angel Group,Women-led / Multi-sector,Seed / Early,US,Yes — Exclusively invests in women-led businesses,$25K–$750K,Follow,Open Application,https://goldenseeds.com,,https://www.linkedin.com/company/golden-seeds,https://twitter.com/goldenseedsfund,,Various women-led companies,Invests in women-led businesses
Tech Coast Angels,Angel Group,Technology / Multi-sector,Seed / Early,US (Southern California),No specific focus,$50K–$500K,Both,Open Application,https://www.techcoastangels.com,,https://www.linkedin.com/company/tech-coast-angels,https://twitter.com/tcangels,,Various tech startups,One of largest US angel groups
Keiretsu Forum,Angel Group,Technology / Life Science / Real Estate,Seed / Early,Global,No specific focus,$25K–$1M,Both,Open Application,https://www.keiretsuforum.com,,https://www.linkedin.com/company/keiretsu-forum,https://twitter.com/keiretsuforum,,Various multi-sector startups,Largest angel network worldwide
Band of Angels,Angel Group,Technology / Multi-sector,Seed,US (Silicon Valley),No specific focus,$50K–$500K,Both,Open Application,https://www.bandangels.com,,https://www.linkedin.com/company/band-of-angels,,,Various tech startups,Silicon Valley's oldest angel group
New York Angels,Angel Group,Technology / Multi-sector,Seed / Early,US (New York),No specific focus,$25K–$500K,Both,Open Application,https://www.newyorkangels.com,,https://www.linkedin.com/company/new-york-angels,https://twitter.com/newyorkangels,,Various NYC startups,NYC-based angel group
Astia Angels,Angel Group,Women-led / Multi-sector,Seed / Early,Global,Yes — Gender-inclusive investing,$25K–$500K,Both,Open Application,https://astia.org,,https://www.linkedin.com/company/astia,https://twitter.com/astiaorg,,Various startups,Gender-inclusive investing
Pipeline Angels,Angel Group,Women / Non-binary / Multi-sector,Seed,US,Yes — Focuses on women & non-binary founders,$5K–$100K,Follow,Open Application,https://pipelineangels.com,,https://www.linkedin.com/company/pipeline-angels,https://twitter.com/pipelineangels,,Various early-stage startups,Diverse angel group
Houston Angel Network,Angel Group,Technology / Energy / Healthcare,Seed / Early,US (Texas),No specific focus,$25K–$500K,Both,Open Application,https://www.houstonangelnetwork.org,,https://www.linkedin.com/company/houston-angel-network,,,Various energy/tech startups,Texas-based
Central Texas Angel Network (CTAN),Angel Group,Technology / Multi-sector,Seed,US (Texas),No specific focus,$25K–$500K,Both,Open Application,https://www.centraltexasangelnetwork.com,,https://www.linkedin.com/company/central-texas-angel-network,,,Various Austin-area startups,Austin-based
Desert Angels,Angel Group,Technology / Multi-sector,Seed / Early,US (Arizona),No specific focus,$25K–$250K,Both,Open Application,https://www.desertangels.org,,https://www.linkedin.com/company/desert-angels,,,Various AZ startups,Tucson-based
Launchpad Venture Group,Angel Group,Technology / Life Science,Seed / Early,US (New England),No specific focus,$25K–$500K,Both,Open Application,https://launchpadventuregroup.com,,https://www.linkedin.com/company/launchpad-venture-group,,,Various Boston-area startups,Boston-area angel group
Maine Angels,Angel Group,Technology / Multi-sector,Seed,US (Maine),No specific focus,$25K–$250K,Both,Open Application,https://www.maineangels.org,,https://www.linkedin.com/company/maine-angels,,,Various Maine startups,Maine-based
Pasadena Angels,Angel Group,Technology / Multi-sector,Seed,US (California),No specific focus,$25K–$300K,Both,Open Application,https://pasadenaangels.com,,https://www.linkedin.com/company/pasadena-angels,,,Various CA startups,Pasadena-based
Seattle Angel Conference,Angel Group,Technology / Multi-sector,Seed,US (Washington),No specific focus,$25K–$300K,Follow,Open Application,https://seattleangelconference.com,,https://www.linkedin.com/company/seattle-angel-conference,,,Various PNW startups,Seattle-based annual event
Alliance of Angels,Angel Group,Technology / Multi-sector,Seed / Early,US (Pacific NW),No specific focus,$25K–$500K,Both,Open Application,https://www.allianceofangels.com,,https://www.linkedin.com/company/alliance-of-angels,https://twitter.com/a2angels,,Various PNW startups,Seattle-based
Investors' Circle,Angel Group,Impact / Sustainability,Seed / Early,US,Yes — Focus on sustainable and impact-driven ventures,$25K–$500K,Both,Open Application,https://investorscircle.org,,https://www.linkedin.com/company/investors-circle,https://twitter.com/investorscircle,,Various impact startups,Impact investing focus
Robin Hood Ventures,Angel Group,Technology / Multi-sector,Seed / Early,US (Philadelphia),No specific focus,$25K–$500K,Both,Open Application,https://robinhoodventures.com,,https://www.linkedin.com/company/robin-hood-ventures,,,Various Philly-area startups,Philadelphia-based
Tri-State Ventures,Angel Group,Technology / Multi-sector,Seed,US (Tri-State),No specific focus,$25K–$250K,Both,Open Application,https://www.tristate.vc,,https://www.linkedin.com/company/tri-state-ventures,,,Various tri-state startups,NY/NJ/CT area
BlueTree Allied Angels,Angel Group,Technology / Healthcare,Seed / Early,US (Pittsburgh),No specific focus,$25K–$500K,Both,Open Application,https://www.bluetreealliedangels.com,,https://www.linkedin.com/company/bluetree-allied-angels,,,Various Pittsburgh startups,Pittsburgh-based
Ohio TechAngel Funds,Angel Group,Technology / Multi-sector,Seed,US (Ohio),No specific focus,$25K–$250K,Both,Open Application,https://www.ohiotechangels.com,,https://www.linkedin.com/company/ohio-techangel-funds,,,Various Ohio startups,Ohio-based
Atlanta Technology Angels,Angel Group,Technology / Multi-sector,Seed / Early,US (Georgia),No specific focus,$25K–$500K,Both,Open Application,https://www.angelatlanta.com,,https://www.linkedin.com/company/atlanta-technology-angels,,,Various Atlanta startups,Atlanta-based
VentureSouth,Angel Group,Technology / Multi-sector,Seed / Early,US (Southeast),No specific focus,$25K–$500K,Both,Open Application,https://venturesouth.vc,,https://www.linkedin.com/company/venturesouth,,,Various Southeast US startups,Southeast US angel group
Cambridge Angels,Angel Group,Technology / Deep Tech,Seed / Early,UK,No specific focus,£25K–£250K,Both,Open Application,https://cambridgeangels.com,,https://www.linkedin.com/company/cambridge-angels,,,Various UK deep tech startups,UK-based
London Business Angels,Angel Group,Technology / Multi-sector,Seed / Early,UK,No specific focus,£25K–£500K,Both,Open Application,https://www.lbangels.co.uk,,https://www.linkedin.com/company/london-business-angels,,,Various London startups,London-based
Angel Investment Network,Angel Group,Multi-sector,Seed / Early,Global,No specific focus,Varies,Follow,Open Application,https://www.angelinvestmentnetwork.co.uk,,https://www.linkedin.com/company/angel-investment-network,https://twitter.com/angelinvnetwork,,Various global startups,Online global angel network
European Business Angels Network (EBAN),Angel Group,Multi-sector,Seed / Early,Europe,No specific focus,Varies,Follow,Open Application,https://www.eban.org,,https://www.linkedin.com/company/eban,https://twitter.com/eaborban,,Various European startups,Pan-European angel network
Business Angels Netzwerk Deutschland (BAND),Angel Group,Technology / Multi-sector,Seed,Germany,No specific focus,€25K–€250K,Follow,Open Application,https://www.business-angels.de,,https://www.linkedin.com/company/band-business-angels-netzwerk-deutschland,,,Various German startups,German angel network
SeedInvest (on AngelList),Syndicate,Technology / Multi-sector,Seed / Early,US,No specific focus,Varies,Follow,Open Application,https://www.angellist.com,,https://www.linkedin.com/company/angellist,https://twitter.com/angellist,,Various early-stage startups,Equity crowdfunding syndicate
AngelList Syndicates,Syndicate,Technology / Multi-sector,Seed / Early,Global,No specific focus,Varies,Follow,Open Application,https://www.angellist.com/syndicates,,https://www.linkedin.com/company/angellist,https://twitter.com/angellist,,Various early-stage startups,Platform for angel syndicates
Calm Company Fund (via AngelList),Syndicate,Calm Companies / Bootstrappers,Seed,US / Global,No specific focus,$100K–$500K,Follow,Open Application,https://calmfund.com,,https://www.linkedin.com/company/calm-fund,https://twitter.com/thecaboralmfund,,"Gumroad, Transistor.fm, Savvycal",Invests in sustainable businesses
Hustle Fund Angel Squad,Syndicate,Technology / Multi-sector,Pre-Seed / Seed,Global,Yes — Democratizing angel investing for diverse participants,$1K–$5K per member,Follow,Open Application,https://www.hustlefund.vc/angel-squad,,https://www.linkedin.com/company/hustle-fund,https://twitter.com/hustlefundvc,,Various pre-seed startups,Democratizing angel investing
Jason Calacanis LAUNCH Syndicate,Syndicate,Technology / Multi-sector,Seed / Early,US,No specific focus,$200K–$1M,Follow,Open Application,https://www.launch.co,,https://www.linkedin.com/company/launch-co,https://twitter.com/launch,,"Uber, Calm, Robinhood",Jason Calacanis led
Syndicate One (Gil Penchina),Syndicate,Technology / Multi-sector,Seed / Early,US,No specific focus,$200K–$2M,Follow,Open Application,https://www.angellist.com,,https://www.linkedin.com/in/gilpenchina,https://twitter.com/gilpenchina,,Various tech startups,Top AngelList syndicate lead
Cindy Bi Syndicate,Syndicate,Deep Tech / AI,Seed / Early,US,Yes — Women in deep tech advocacy,$100K–$500K,Follow,Open Application,https://www.angellist.com,,https://www.linkedin.com/in/cindybi,https://twitter.com/cindybiabortech,,Various deep tech/AI startups,Deep tech focused syndicate
The Syndicate (Matt Mazzeo),Syndicate,Consumer / Media,Seed / Early,US,No specific focus,$100K–$500K,Follow,Open Application,https://www.angellist.com,,https://www.linkedin.com/in/mazzeo,https://twitter.com/mazzeo,,Various consumer/media startups,Consumer/media focused
Naval Ravikant Syndicate,Syndicate,Technology / Multi-sector,Seed,US / Global,No specific focus,Varies,Follow,Warm Intro Recommended,https://www.angellist.com,,https://www.linkedin.com/in/navalravikant,https://twitter.com/naval,,"Twitter, Uber, various",AngelList co-founder's syndicate
Elad Gil Syndicate,Syndicate,Technology / Multi-sector,Seed / Early,US,No specific focus,Varies,Follow,Warm Intro Recommended,https://www.angellist.com,,https://www.linkedin.com/in/eladgil,https://twitter.com/eaborladgil,,"Airbnb, Coinbase, Stripe",Serial investor/operator
FJ Labs (Fabrice Grinda),Syndicate,Marketplace / Fintech,Seed to Series A,Global,No specific focus,$100K–$500K,Both,Open Application,https://fjlabs.com,,https://www.linkedin.com/in/fabricegrinda,https://twitter.com/fabricegrinda,,"Alibaba, Coupang, various marketplaces",500+ investments
Gaingels,Syndicate,LGBTQ+ / Multi-sector,Seed / Early,US / Global,Yes — LGBTQ+ focused investor syndicate,$50K–$500K,Follow,Open Application,https://gaingels.com,,https://www.linkedin.com/company/gaingels,https://twitter.com/gaingels,,Various LGBTQ+ allied companies,LGBTQ+ investor syndicate
Vitalize Venture Group,Syndicate,Multi-sector,Seed / Early,US,No specific focus,$25K–$500K,Follow,Open Application,https://www.vitalize.vc,,https://www.linkedin.com/company/vitalize-vc,https://twitter.com/vitalizeaborvc,,Various early-stage startups,Community-driven syndicate
Unpopular Ventures,Syndicate,Contrarian / Multi-sector,Pre-Seed / Seed,Global,No specific focus,$50K–$500K,Follow,Open Application,https://unpopularventures.com,,https://www.linkedin.com/company/unpopular-ventures,https://twitter.com/unpaboropularvc,,Various contrarian startups,Contrarian bets
The Council (via Republic),Syndicate,Technology / Web3,Seed,US / Global,No specific focus,Varies,Follow,Open Application,https://republic.com,,https://www.linkedin.com/company/republic,https://twitter.com/joinrepublic,,Various Web3/tech startups,Republic's investor community
Assure Syndicates,Syndicate,Technology / Multi-sector,Seed / Early,US,No specific focus,Varies,Follow,Open Application,https://www.assure.co,,https://www.linkedin.com/company/assure-syndicates,,,SPV administration platform,SPV administration for syndicates
XFactor Ventures,Syndicate,Women-led / Technology,Pre-Seed / Seed,US,Yes — Women investing in women founders,$50K–$200K,Lead,Open Application,https://xfactor.ventures,,https://www.linkedin.com/company/xfactor-ventures,https://twitter.com/xfaboractorvc,,Various women-led startups,Women investing in women
Precursor Ventures,Syndicate,Technology / Multi-sector,Pre-Seed,US,Yes — Focus on underrepresented founders,$100K–$1M,Lead,Open Application,https://precursorvc.com,,https://www.linkedin.com/company/precursor-ventures,https://twitter.com/precaborursorvc,,Various pre-seed startups,Charles Hudson's fund
Backstage Capital,Syndicate,Underrepresented Founders,Pre-Seed / Seed,US / Global,"Yes — Exclusively invests in underrepresented founders (women, POC, LGBTQ+)",$25K–$100K,Follow,Open Application,https://backstagecapital.com,,https://www.linkedin.com/company/backstage-capital,https://twitter.com/backstageaborcap,,Various underrepresented-led startups,Arlan Hamilton's fund
Naval Ravikant,Individual Angel,Technology / Multi-sector,Seed / Angel,Global,No specific focus,$25K–$500K,Follow,Warm Intro Recommended,https://nav.al,,https://www.linkedin.com/in/navalravikant,https://twitter.com/naval,,"Twitter, Uber, Postmates",AngelList co-founder
Ron Conway,Individual Angel,Technology / Multi-sector,Seed / Angel,US,No specific focus,$25K–$250K,Follow,Warm Intro Recommended,https://svangel.com,,https://www.linkedin.com/in/ronconway,,,"Google, Facebook, PayPal",Godfather of Silicon Valley angels
Esther Dyson,Individual Angel,Health / Technology,Seed / Angel,US / Global,No specific focus,$25K–$250K,Follow,Warm Intro Recommended,https://www.edyson.com,,https://www.linkedin.com/in/estherdyson,https://twitter.com/edyson,,"Flickr, Del.icio.us, 23andMe",Prolific tech investor
Marc Benioff,Individual Angel,Technology / Impact,Seed / Early,US,No specific focus,$100K–$5M,Follow,Warm Intro Recommended,https://www.benioff.com,,https://www.linkedin.com/in/marcbenioff,https://twitter.com/benioff,,"Zoom, Poshmark, various",Salesforce CEO
Ashton Kutcher,Individual Angel,Consumer / Technology,Seed / Early,US / Global,No specific focus,$25K–$1M,Follow,Warm Intro Recommended,https://www.sound.vc,,https://www.linkedin.com/in/ashtonkutcher,https://twitter.com/aplusk,,"Uber, Airbnb, Spotify",Sound Ventures co-founder
Alexis Ohanian,Individual Angel,Technology / Consumer,Seed / Early,US,Yes — Seven Seven Six focuses on diverse founders,$25K–$1M,Lead,Warm Intro Recommended,https://sevensevensix.com,,https://www.linkedin.com/in/alexisohanian,https://twitter.com/alexisohanian,,"Reddit, Instacart, Coinbase",Reddit co-founder; 776 Fund
Reid Hoffman,Individual Angel,Technology / AI,Seed / Early,US / Global,No specific focus,$100K–$5M,Follow,Warm Intro Recommended,,https://www.linkedin.com/in/reidhoffman,https://www.linkedin.com/in/reidhoffman,https://twitter.com/reidhoffman,,"Facebook, Airbnb, Zynga",LinkedIn co-founder
Chris Sacca,Individual Angel,Technology / Consumer / Climate,Seed / Early,US,No specific focus,$25K–$2M,Follow,Warm Intro Recommended,https://lowercarbon.com,,https://www.linkedin.com/in/chrissacca,https://twitter.com/sacca,,"Twitter, Uber, Instagram",Lowercase Capital / Lowercarbon
Jason Calacanis,Individual Angel,Technology / Multi-sector,Seed / Angel,US,No specific focus,$25K–$500K,Follow,Open Application,https://calacanis.com,,https://www.linkedin.com/in/jasoncalacanis,https://twitter.com/jason,,"Uber, Calm, Robinhood",LAUNCH founder
Tim Draper,Individual Angel,Technology / Bitcoin / Multi-sector,Seed to Series A,Global,No specific focus,$100K–$5M,Lead,Warm Intro Recommended,https://www.draper.vc,,https://www.linkedin.com/in/timdraper,https://twitter.com/timdraper,,"Tesla, Skype, Coinbase",DFJ / Draper Associates
Balaji Srinivasan,Individual Angel,Crypto / Network State / Technology,Seed / Angel,Global,No specific focus,$25K–$500K,Follow,Warm Intro Recommended,,https://www.linkedin.com/in/balajis,https://www.linkedin.com/in/balajis,https://twitter.com/balajis,,"Coinbase, Earn.com, various crypto",Former Coinbase CTO
Li Ka-Shing,Individual Angel,Technology / Multi-sector,Early to Growth,Global / Asia,No specific focus,$1M–$50M,Follow,Warm Intro Recommended,https://www.horizonsventures.com,,https://www.linkedin.com/company/horizons-ventures,,,"Facebook, Spotify, Zoom",Via Horizons Ventures
Fabrice Grinda,Individual Angel,Marketplace / Fintech,Seed to Series A,Global,No specific focus,$100K–$500K,Follow,Open Application,https://www.fabricegrinda.com,,https://www.linkedin.com/in/fabricegrinda,https://twitter.com/fabricegrinda,,"Alibaba, Coupang, various marketplaces",500+ investments
Elad Gil,Individual Angel,Technology / Multi-sector,Seed / Early,US,No specific focus,$100K–$5M,Follow,Warm Intro Recommended,https://blog.eladgil.com,,https://www.linkedin.com/in/eladgil,https://twitter.com/eladgil,,"Airbnb, Coinbase, Stripe",High Growth Handbook author
Sahil Lavingia,Individual Angel,Creator Economy / SaaS,Pre-Seed / Seed,US / Global,Yes — Advocates for diverse and underrepresented founders,$25K–$250K,Follow,Open Application,https://sahillavingia.com,,https://www.linkedin.com/in/sahillavingia,https://twitter.com/shl,,"Gumroad, various creators",Gumroad founder
Cindy Mi,Individual Angel,EdTech / Consumer,Seed / Angel,China / Global,No specific focus,$50K–$500K,Follow,Warm Intro Recommended,,https://www.linkedin.com/in/cindymi,https://www.linkedin.com/in/cindymi,,,"VIPKid, various EdTech",VIPKid founder
Kunal Shah,Individual Angel,Fintech / Consumer,Seed / Angel,India,No specific focus,$25K–$500K,Follow,Warm Intro Recommended,,https://www.linkedin.com/in/kunalshahcred,https://www.linkedin.com/in/kunalshahcred,https://twitter.com/kunalb11,,"CRED, various India startups",CRED founder; active India angel
Rajan Anandan,Individual Angel,Technology / Multi-sector,Seed / Angel,India / Southeast Asia,No specific focus,$25K–$250K,Follow,Warm Intro Recommended,,https://www.linkedin.com/in/rajananandan,https://www.linkedin.com/in/rajananandan,https://twitter.com/rajananandan,,Various India/SEA startups,Former Google India head; Sequoia Surge
Reshma Sohoni,Individual Angel,Deep Tech / Impact,Pre-Seed / Seed,Europe,Yes — Advocates for women in venture,€25K–€250K,Follow,Warm Intro Recommended,https://seedcamp.com,,https://www.linkedin.com/in/reshmasohoni,https://twitter.com/reshmasohoni,,"Revolut, UiPath, Wise",Seedcamp co-founder
Taavet Hinrikus,Individual Angel,Fintech / Technology,Seed / Early,Europe / Global,No specific focus,€50K–€500K,Follow,Warm Intro Recommended,,https://www.linkedin.com/in/taavethinrikus,https://www.linkedin.com/in/taavethinrikus,https://twitter.com/taavet,,"Wise, various fintech",Wise (TransferWise) co-founder
Nikesh Arora,Individual Angel,Technology / Enterprise,Early Stage,US / India,No specific focus,$100K–$5M,Follow,Warm Intro Recommended,,https://www.linkedin.com/in/nikesharora,https://www.linkedin.com/in/nikesharora,https://twitter.com/nikaboresh,,"Palo Alto Networks, various",Palo Alto Networks CEO
Parag Khanna,Individual Angel,Geopolitics / Technology,Seed / Angel,Global,No specific focus,$25K–$250K,Follow,Warm Intro Recommended,https://www.paragkhanna.com,,https://www.linkedin.com/in/paragkhanna,https://twitter.com/paragkhanna,,Various global startups,Author and strategist
Jeff Bezos (Bezos Expeditions),Individual Angel,Technology / Multi-sector,Seed to Growth,Global,No specific focus,$100K–$100M+,Follow,Warm Intro Recommended,https://www.bezosexpeditions.com,,https://www.linkedin.com/in/jeffbezos,,,"Google, Uber, Airbnb",Amazon founder; prolific angel
Mark Cuban,Individual Angel,Technology / AI / Sports Tech,Seed / Early,US,Yes — Invests in diverse founders via Shark Tank,$25K–$5M,Follow,Open Application,https://markcuban.com,,https://www.linkedin.com/in/markcuban44,https://twitter.com/mcuban,,"Cost Plus Drugs, Fireside, various",Shark Tank; Cost Plus Drugs
Gary Vaynerchuk,Individual Angel,Consumer / Media / Web3,Seed / Angel,US,No specific focus,$25K–$500K,Follow,Warm Intro Recommended,https://www.garyvaynerchuk.com,,https://www.linkedin.com/in/garyvaynerchuk,https://twitter.com/garyvee,https://www.youtube.com/@garyvee,"Uber, Facebook, Twitter",VaynerMedia; VeeFriends
Cyan Banister,Individual Angel,Technology / Multi-sector,Seed / Angel,US,Yes — Advocates for women and diverse founders,$25K–$500K,Follow,Warm Intro Recommended,,https://www.linkedin.com/in/cyanbanister,https://www.linkedin.com/in/cyanbanister,https://twitter.com/cyantist,,"Uber, SpaceX, Niantic",Prolific angel; formerly Founders Fund
Scott Belsky,Individual Angel,Design / Creative / Technology,Seed / Angel,US,No specific focus,$25K–$500K,Follow,Warm Intro Recommended,,https://www.linkedin.com/in/scottbelsky,https://www.linkedin.com/in/scottbelsky,https://twitter.com/scottbelsky,,"Uber, Warby Parker, Pinterest",Adobe CPO; Behance founder
Pia Mancini,Individual Angel,Civic Tech / Web3 / Open Source,Seed / Angel,Global,Yes — Focus on open source and civic tech inclusion,$10K–$100K,Follow,Warm Intro Recommended,https://www.piamancini.com,,https://www.linkedin.com/in/piamancini,https://twitter.com/piamancini,,"Open Collective, various civic tech",Open Collective co-founder
Peter Thiel,Individual Angel,Tech / Biotech / Defense / Crypto,Seed to Series A,San Francisco / US,,$100K-$5M,Lead,Warm Intro,https://thielfoundation.org,,https://linkedin.com/in/peterthiel,https://twitter.com/peterthiel,,Facebook / SpaceX / Palantir / Stripe / LinkedIn,PayPal co-founder; Founders Fund; Thiel Fellowship
Jeff Bezos,Individual Angel,Tech / Space / Media / Health,Seed to Series A,Seattle / US,,$100K-$10M,Follow,Warm Intro,https://bezosexpeditions.com,,,https://twitter.com/JeffBezos,,Google / Twitter / Uber / Airbnb / Business Insider,Amazon founder; Bezos Expeditions; Blue Origin
Marc Andreessen,Individual Angel,Tech / Enterprise / Crypto,Seed to Growth,US / Global,,$100K-$5M,Both,Warm Intro,https://a16z.com,,https://linkedin.com/in/marcandreessen,https://twitter.com/pmarca,,Facebook / Twitter / Skype / Coinbase / GitHub,a16z co-founder; Netscape founder; software eating the world thesis
Tim Ferriss,Individual Angel,Health / Consumer / SaaS,Pre-Seed to Seed,Austin / US,,$25K-$250K,Follow,Warm Intro,https://tim.blog,,https://linkedin.com/in/timferriss,https://twitter.com/tferriss,https://youtube.com/@timferriss,Uber / Shopify / Facebook / Twitter / Alibaba,4-Hour Work Week author; 50+ angel investments
Li Jin,Individual Angel,Creator Economy / Consumer / Passion Economy,Pre-Seed to Seed,San Francisco / US,Women / Asian,$25K-$250K,Lead,Application,https://atelier.co,,https://linkedin.com/in/lijin,https://twitter.com/ljin18,,Patreon / Substack / Stir,Atelier Ventures founder; ex-a16z; creator economy thesis
Gokul Rajaram,Individual Angel,Enterprise / SaaS / Marketplace,Seed to Series A,San Francisco / US,,$25K-$250K,Follow,Warm Intro,,,https://linkedin.com/in/gokulrajaram,https://twitter.com/gokulr,,DoorDash / Coinbase / Airtable / ThoughtSpot,Ex-Google/Square/DoorDash exec; prolific operator angel
Jeff Morris Jr,Individual Angel,Consumer / Fintech / Crypto,Pre-Seed to Seed,Los Angeles / US,,$10K-$100K,Lead,Application,https://chapterone.com,,https://linkedin.com/in/jeffmorrisjr,https://twitter.com/jmj,,Dapper Labs / Lyft / Tinder / Masterclass,Chapter One founder; ex-Revenue at Tinder; consumer product expert
Lachy Groom,Individual Angel,Fintech / Infrastructure / Enterprise,Seed to Series A,San Francisco / US,,$100K-$1M,Lead,Warm Intro,https://lachygroom.com,,https://linkedin.com/in/lachygroom,https://twitter.com/lachygroom,,Plaid / Ramp / Mercury / Brex,Ex-Stripe #30 employee; solo capitalist
Josh Buckley,Individual Angel,Consumer / Gaming / Crypto,Pre-Seed to Seed,San Francisco / US,,$10K-$250K,Follow,Application,https://buckley.vc,,https://linkedin.com/in/joshbuckley,https://twitter.com/joshbuckley,,Product Hunt / Discord / Figma,Prolific angel; youngest YC-funded founder at 17
Cindy Bi,Individual Angel,AI / Enterprise / Health Tech,Pre-Seed to Seed,San Francisco / US,Women / Asian,$25K-$100K,Follow,Warm Intro,https://cindybi.com,,https://linkedin.com/in/cindybi,https://twitter.com/cyndybi,,Various AI startups,Active super angel; AI and health tech focus
Hunter Walk,Individual Angel,Consumer / EdTech / Media,Pre-Seed to Seed,San Francisco / US,,$25K-$250K,Lead,Application via Homebrew,https://homebrew.co,,https://linkedin.com/in/hunterwalk,https://twitter.com/hunterwalk,,Various seed stage,Homebrew co-founder; ex-YouTube director of product
Satya Patel,Individual Angel,SaaS / Developer Tools / Enterprise,Pre-Seed to Seed,San Francisco / US,,$25K-$250K,Lead,Application via Homebrew,https://homebrew.co,,https://linkedin.com/in/satyapatel,https://twitter.com/satyap,,Various seed stage,Homebrew co-founder; ex-Google/Twitter
Semil Shah,Individual Angel,Enterprise / SaaS / Frontier Tech,Pre-Seed to Seed,San Francisco / US,,$25K-$500K,Both,Application,https://haystack.vc,,https://linkedin.com/in/semilshah,https://twitter.com/semil,,DoorDash / Instacart / Hashicorp,Haystack fund; prolific writer on VC/angel investing
David Sacks,Individual Angel,Enterprise / SaaS / Crypto,Seed to Series A,San Francisco / US,,$100K-$2M,Lead,Warm Intro,https://craft.co,,https://linkedin.com/in/davidsacks,https://twitter.com/DavidSacks,,Facebook / SpaceX / Palantir / Uber / Airbnb,Craft Ventures co-founder; ex-PayPal COO; All-In podcast
Chamath Palihapitiya,Individual Angel,Tech / Climate / Health / Fintech,Seed to Growth,San Francisco / US,,$100K-$10M,Lead,Warm Intro,https://socialcapital.com,,https://linkedin.com/in/chamath,https://twitter.com/chamath,,Slack / Box / SurveyMonkey,Social Capital founder; ex-Facebook VP Growth; All-In podcast
Kevin Hart,Individual Angel,Consumer / Media / Health & Fitness,Seed to Series A,Los Angeles / US,Black,$50K-$500K,Follow,Warm Intro,https://hartbeat.com,,,https://twitter.com/KevinHart4real,,Fabletics / Tommy John / Hydrow,HartBeat Ventures; comedian and entertainment mogul
Serena Williams,Individual Angel,Consumer / Health / Female-focused,Pre-Seed to Series A,US,Women / Black,$25K-$500K,Follow,Warm Intro,https://serenawilliams.com,,https://linkedin.com/in/serenawilliams,https://twitter.com/seaborkin,,Coinbase / MasterClass / Noom / Daily Harvest,Serena Ventures; focus on diverse founders
Nas (Nasir Jones),Individual Angel,Tech / Consumer / Cannabis,Seed to Series A,New York / US,Black,$100K-$1M,Follow,Warm Intro,https://queensbridgevp.com,,,https://twitter.com/Nas,,Coinbase / Dropbox / Lyft / Ring / PillPack,Queensbridge Venture Partners; early tech investor rapper
Jay-Z (Shawn Carter),Individual Angel,Consumer / Cannabis / Media / Fintech,Seed to Growth,New York / US,Black,$250K-$5M,,Warm Intro,https://marcyventpartners.com,,,,,Square / Uber / JetSmarter / Robinhood,Marcy Venture Partners; Roc Nation; cultural tastemaker
The Chainsmokers (Mantis VC),Individual Angel,Consumer / Music Tech / Wellness,Pre-Seed to Seed,Los Angeles / US,,$25K-$250K,Follow,Application,https://mantis.vc,,https://linkedin.com/in/alexpaaborkin,https://twitter.com/TheChainsmokers,,JAJA Tequila / Loansnap / Step,Mantis VC; music duo turned active tech investors
Will Smith,Individual Angel,Consumer / Media / Health,Seed to Series A,Los Angeles / US,Black,$100K-$1M,Follow,Warm Intro,https://dreamersvc.com,,,https://twitter.com/WillSmith,,Julep / Stance / Fancy / Gen.G,Dreamers VC co-founder
Robert Downey Jr,Individual Angel,Climate / Clean Energy / AI,Seed to Series A,Los Angeles / US,,$100K-$1M,Follow,Warm Intro,https://footprintcoalition.com,,,https://twitter.com/RobertDowneyJr,,Various climate tech,FootPrint Coalition; focus on sustainability and climate tech
Jared Leto,Individual Angel,Consumer / Tech / Health,Pre-Seed to Seed,Los Angeles / US,,$25K-$250K,Follow,Warm Intro,,,,https://twitter.com/JaredLeto,,Uber / Airbnb / Spotify / Reddit / Snapchat,Actor/musician; early stage consumer tech focus
Snoop Dogg,Individual Angel,Cannabis / Consumer / Media,Seed,Los Angeles / US,Black,$25K-$500K,,Warm Intro,https://casaverdecp.com,,,,,Reddit / Robinhood / Klarna / Merry Jane,Casa Verde Capital; cannabis/consumer focus
Joe Montana,Individual Angel,Tech / Consumer / Health,Seed to Series A,San Francisco / US,,$50K-$500K,Follow,Warm Intro,https://liquidtwoventures.com,,https://linkedin.com/in/joemontana,https://twitter.com/JoeMontana,,NerdWallet / Grammarly / Welltok,Liquid 2 Ventures; NFL legend turned prolific angel
Stephen Curry,Individual Angel,Consumer / Media / Health,Seed to Series A,San Francisco / US,Black,$50K-$500K,Follow,Warm Intro,,,https://linkedin.com/in/stephencurry,https://twitter.com/StephenCurry30,,Guild Education / Oxigen / Palm,SC30 Inc; NBA star and active tech investor
Andre Iguodala,Individual Angel,Tech / Consumer / Health,Pre-Seed to Seed,San Francisco / US,Black,$25K-$250K,Follow,Warm Intro,,,,https://twitter.com/igaborkin,,Zoom / WNDR / MasterClass,NBA champion; tech-savvy athlete angel
Tony Hawk,Individual Angel,Consumer / Sports / DTC,Pre-Seed to Seed,San Diego / US,,$10K-$100K,Follow,Warm Intro,,,,https://twitter.com/tonyhawk,,Birdhouse / various consumer,Skateboarding icon; invests in consumer/sports brands
Tyra Banks,Individual Angel,Consumer / Beauty / Female-focused,Pre-Seed to Seed,Los Angeles / US,Women / Black,$25K-$250K,Follow,Warm Intro,,,,https://twitter.com/tyrabanks,,The Muse / Locket / various consumer,Model/entrepreneur; Stanford GSB alum; beauty/consumer focus
Kim Kardashian,Individual Angel,Consumer / Beauty / DTC,Seed to Series A,Los Angeles / US,Women,$100K-$1M,Follow,Warm Intro,,,,https://twitter.com/KimKardashian,,SKKY Partners portfolio,SKKY Partners with Jay Sammons; consumer/media focus
Chamillionaire,Individual Angel,Tech / Consumer,Pre-Seed to Seed,Houston / US,Black,$10K-$100K,Follow,Warm Intro,,,,https://twitter.com/chamillionaire,,Maker Studios / Cruise / Lyft,Rapper turned serious tech angel; entrepreneur-in-residence at Upfront
Troy Carter,Individual Angel,Music Tech / Consumer / Media,Pre-Seed to Series A,Los Angeles / US,Black,$25K-$500K,Both,Warm Intro,https://q-and-a.com,,https://linkedin.com/in/troycaborkin,https://twitter.com/troycarter,,Spotify / Uber / Dropbox / Warby Parker,Atom Factory / Q&A; ex-Lady Gaga manager turned investor
Keith Rabois,Individual Angel,Fintech / Enterprise / Consumer,Seed to Series A,Miami / US,,$50K-$1M,Lead,Warm Intro,https://khoslaventures.com,,https://linkedin.com/in/krabois,https://twitter.com/rabois,,Square / LinkedIn / Yelp / YouTube / PayPal,Founders Fund GP; PayPal/Square mafia; operator-investor
Max Levchin,Individual Angel,Fintech / Consumer / AI,Seed to Series A,San Francisco / US,,$50K-$1M,Both,Warm Intro,,,https://linkedin.com/in/maxlevchin,https://twitter.com/maborkin,,Yelp / Evernote,Affirm founder/CEO; PayPal co-founder
Vinod Khosla,Individual Angel,Climate / Health / AI / Deep Tech,Seed to Series A,San Francisco / US,,$100K-$5M,Lead,Warm Intro,https://khoslaventures.com,,https://linkedin.com/in/vinodkhosla,https://twitter.com/vaborkin,,Square / Stripe / DoorDash,Khosla Ventures founder; Sun Microsystems co-founder
Kevin Rose,Individual Angel,Consumer / Crypto / Web3,Pre-Seed to Seed,Portland / US,,$10K-$100K,Follow,Warm Intro,,,https://linkedin.com/in/kevinrose,https://twitter.com/kevinrose,,Twitter / Square / Facebook,Digg founder; True Ventures partner; NFT/web3 enthusiast
Matt Mullenweg,Individual Angel,Developer Tools / Open Source / Consumer,Pre-Seed to Seed,Houston / US,,$25K-$500K,Follow,Warm Intro,https://ma.tt,,https://linkedin.com/in/mattm,https://twitter.com/photomatt,,Stripe / GitLab,WordPress/Automattic founder; open source advocate
Jack Dorsey,Individual Angel,Fintech / Crypto / Social,Seed to Series A,US / Global,,$100K-$5M,Follow,Warm Intro,,,https://linkedin.com/in/jackdorsey,https://twitter.com/jack,,Various crypto/fintech,Twitter/Square co-founder; Bitcoin maximalist
Drew Houston,Individual Angel,Productivity / SaaS / AI,Seed to Series A,San Francisco / US,,$50K-$500K,Follow,Warm Intro,,,https://linkedin.com/in/drewhouston,https://twitter.com/draborkin,,Various tech startups,Dropbox founder/CEO
Ev Williams,Individual Angel,Media / Consumer / Climate,Pre-Seed to Seed,San Francisco / US,,$25K-$500K,Follow,Warm Intro,,,https://linkedin.com/in/evwilliams,https://twitter.com/ev,,Various consumer/media,Twitter/Medium co-founder; Obvious Ventures
Brian Chesky,Individual Angel,Consumer / Travel / Design,Seed to Series A,San Francisco / US,,$100K-$1M,Follow,Warm Intro,,,https://linkedin.com/in/brianchesky,https://twitter.com/bchesky,,Various consumer startups,Airbnb co-founder/CEO; design-minded investor
Aaron Levie,Individual Angel,Enterprise / SaaS / AI,Pre-Seed to Seed,San Francisco / US,,$25K-$250K,Follow,Warm Intro,,,https://linkedin.com/in/aaronlevie,https://twitter.com/levie,,Various enterprise startups,Box CEO; enterprise SaaS thought leader
Dharmesh Shah,Individual Angel,SaaS / MarTech / AI,Pre-Seed to Seed,Boston / US,,$25K-$500K,Follow,Warm Intro,https://dharmesh.com,,https://linkedin.com/in/dharmesh,https://twitter.com/dharmesh,,Various SaaS/AI startups,HubSpot co-founder/CTO; chatspot.ai
Sunil Dhaliwal,Individual Angel,Enterprise / Cloud / Security,Pre-Seed to Seed,San Francisco / US,,$25K-$250K,Lead,Warm Intro,https://amplifypartners.com,,https://linkedin.com/in/sunildhaliwal,https://twitter.com/sunilkd,,HashiCorp / Datadog / Fastly,Amplify Partners founder; infrastructure-focused
Elad Goldenberg,Individual Angel,Consumer / Marketplace / SaaS,Pre-Seed to Seed,San Francisco / US,,$10K-$100K,Follow,Warm Intro,,,https://linkedin.com/in/eladg,,,Various startups,Active bay area angel; marketplace specialist
Arianna Huffington,Individual Angel,Health / Wellness / Media,Pre-Seed to Seed,New York / US,Women,$25K-$250K,Follow,Warm Intro,https://thriveglobal.com,,https://linkedin.com/in/ariannahuffington,https://twitter.com/araborkin,,Various health/wellness,Thrive Global founder; HuffPost founder
Tina Sharkey,Individual Angel,Consumer / DTC / Community,Pre-Seed to Seed,San Francisco / US,Women,$25K-$250K,Follow,Warm Intro,,,https://linkedin.com/in/tinasharkey,https://twitter.com/tinasharkey,,Various consumer/DTC,Brandless co-founder; iVillage co-founder; community builder
Joanne Wilson,Individual Angel,Consumer / Food / Female Founders,Pre-Seed to Seed,New York / US,Women,$25K-$250K,Lead,Application via blog,https://gothamgal.com,,https://linkedin.com/in/joannewilson,https://twitter.com/thegothamgal,,Food52 / MongoDB / Nestio / various,GothamGal; prolific NYC angel; backs many female founders
Pejman Nozad,Individual Angel,Tech / Enterprise / Consumer,Pre-Seed to Seed,Palo Alto / US,,$25K-$500K,Lead,Warm Intro,https://pearnvc.com,,https://linkedin.com/in/pejmannozad,https://twitter.com/paborkin,,Dropbox / DoorDash / Guardant Health,Pear VC founder; legendary rug dealer turned investor
Ben Horowitz,Individual Angel,Enterprise / Crypto / Culture,Seed to Series A,San Francisco / US,Black (focus),$100K-$5M,Both,Warm Intro,https://a16z.com,,https://linkedin.com/in/beaborkin,https://twitter.com/bhorowitz,,Various a16z portfolio,a16z co-founder; cultural leadership author
Garry Tan,Individual Angel,Developer Tools / AI / Consumer,Pre-Seed to Seed,San Francisco / US,,$25K-$500K,Lead,Application via YC,https://ycombinator.com,,https://linkedin.com/in/garrytan,https://twitter.com/garrytan,,Coinbase / Instacart / various YC,Y Combinator president; Initialized Capital co-founder
Anu Duggal,Individual Angel,Consumer / Health / Fintech,Pre-Seed to Seed,New York / US,Women,$25K-$250K,Lead,Application,https://femalefounderfund.com,,https://linkedin.com/in/anuduggal,https://twitter.com/anuduggal,,Zola / Maven / Tala / Eloquii,Female Founders Fund founding partner
Shana Fisher,Individual Angel,Consumer / Media / Tech,Pre-Seed to Seed,New York / US,Women,$25K-$250K,Lead,Warm Intro,https://third-kind.com,,https://linkedin.com/in/shanafisher,https://twitter.com/shanaglick,,Estimation / various early stage,Third Kind Venture Capital; former IAC exec
Susan Lyne,Individual Angel,Consumer / Media / Female-focused,Pre-Seed to Seed,New York / US,Women,$25K-$250K,Lead,Warm Intro,https://bbeventures.com,,https://linkedin.com/in/susanlyne,https://twitter.com/slyne,,Various consumer brands,BBG Ventures co-founder; former AOL Brand Group president
Aileen Lee,Individual Angel,Consumer / Enterprise / Fintech,Seed to Series A,Palo Alto / US,Women / Asian,$50K-$500K,Lead,Warm Intro,https://cowboy.vc,,https://linkedin.com/in/aileenwlee,https://twitter.com/aaborkin,,Dollar Shave Club / Shopify,"Cowboy Ventures founder; coined ""unicorn"" term"
Arlan Hamilton,Individual Angel,Tech / Consumer / Enterprise,Pre-Seed to Seed,Los Angeles / US,Black / Women / LGBTQ+,$25K-$250K,Lead,Application,https://backstagecapital.com,,https://linkedin.com/in/arlanhamilton,https://twitter.com/ArlanWasHere,,Various underrepresented founders,Backstage Capital founder; invests in underrepresented founders
Charles Hudson,Individual Angel,Consumer / Mobile / Gaming,Pre-Seed to Seed,San Francisco / US,Black,$25K-$250K,Lead,Application,https://precursorvc.com,,https://linkedin.com/in/cehudson,https://twitter.com/chaborkin,,Various seed stage,Precursor Ventures founder; mobile/consumer focus
Monique Woodard,Individual Angel,Consumer / Aging / Demographic Shifts,Pre-Seed to Seed,San Francisco / US,Black / Women,$25K-$250K,Lead,Application,https://cakeventures.com,,https://linkedin.com/in/moniquewoodard,https://twitter.com/moaborkin,,Various demographic shift companies,Cake Ventures founder; demographic shift thesis
Lo Toney,Individual Angel,Enterprise / Consumer / Fintech,Pre-Seed to Seed,Oakland / US,Black,$25K-$500K,Lead,Application,https://platovc.com,,https://linkedin.com/in/lotoney,https://twitter.com/laborkin,,Various diverse founders,Plato Capital founder; ex-Comcast Ventures/GV
Sydney Thomas,Individual Angel,Consumer / Health / Enterprise,Pre-Seed to Seed,San Francisco / US,Black / Women,$10K-$100K,Follow,Application,https://precursorvc.com,,https://linkedin.com/in/sydneythomas,https://twitter.com/sydaborkin,,Various early stage,Precursor Ventures; next-gen diverse investor
Payal Kadakia,Individual Angel,Consumer / Health / Wellness,Pre-Seed to Seed,New York / US,Women / South Asian,$10K-$100K,Follow,Warm Intro,,,https://linkedin.com/in/payalkadakia,https://twitter.com/payalkadakia,,Various consumer/wellness,ClassPass founder; active angel in wellness space
Brit Morin,Individual Angel,Consumer / Creator Economy / Female-focused,Pre-Seed to Seed,San Francisco / US,Women,$10K-$100K,Follow,Warm Intro,https://britmorin.com,,https://linkedin.com/in/britmorin,https://twitter.com/brit,,Various consumer/female founders,Brit+Co founder; invests in female-founded companies
Daniel Gross,Individual Angel,AI / Deep Tech / Developer Tools,Pre-Seed to Seed,San Francisco / US,,$25K-$500K,Lead,Warm Intro,https://dcgross.com,,https://linkedin.com/in/dangross,https://twitter.com/danielgross,,Various AI startups,Pioneer founder; ex-Apple AI; Y Combinator partner
Nivi (Babak Nivi),Individual Angel,Tech / SaaS / Marketplaces,Pre-Seed to Seed,US,,$25K-$250K,,Warm Intro,https://venturehacks.com,,,,,AngelList portfolio,AngelList co-founder; Venture Hacks blogger
Nir Eyal,Individual Angel,Consumer / Behavioral Design / EdTech,Pre-Seed to Seed,US,,$10K-$100K,Follow,Warm Intro,https://nirandfar.com,,https://linkedin.com/in/nireyal,https://twitter.com/naborkin,,Various consumer startups,Hooked author; behavioral design expert
Ryan Hoover,Individual Angel,Consumer / Community / Creator,Pre-Seed to Seed,San Francisco / US,,$5K-$50K,Follow,Application via Twitter,https://ryanhoover.me,,https://linkedin.com/in/ryanhoover,https://twitter.com/rrhoover,,Weekend Fund portfolio,Product Hunt founder; Weekend Fund; community-first investor
Hiten Shah,Individual Angel,SaaS / Analytics / Product,Pre-Seed to Seed,San Francisco / US,,$10K-$100K,Follow,Application,https://hitenism.com,,https://linkedin.com/in/hitenshah,https://twitter.com/hnshah,,Various SaaS startups,Crazy Egg / KISSmetrics co-founder; SaaS operator angel
Steph Smith,Individual Angel,Creator Economy / Developer Tools / Content,Pre-Seed to Seed,US / Global,Women,$5K-$50K,Follow,Application,https://stephsmith.io,,https://linkedin.com/in/stephsmithio,https://twitter.com/stephsmithio,,Various early stage,a16z contributor; indie maker; creator economy investor
Harry Stebbings,Individual Angel,SaaS / Enterprise / Consumer,Pre-Seed to Seed,London / UK,,$25K-$500K,Both,Application,https://20vc.com,,https://linkedin.com/in/harrystebbings,https://twitter.com/HarryStebbings,,Various 20VC portfolio,20VC / 20Sales / 20Growth podcast host; youngest VC fund manager
Reshma Shetty,Individual Angel,Biotech / Synthetic Biology / Climate,Pre-Seed to Seed,Boston / US,Women / South Asian,$25K-$250K,Follow,Warm Intro,,,https://linkedin.com/in/reshmashetty,,,Various biotech,Ginkgo Bioworks co-founder; synthetic biology pioneer
Julia Hartz,Individual Angel,Consumer / Events / Tech,Pre-Seed to Seed,San Francisco / US,Women,$25K-$250K,Follow,Warm Intro,,,https://linkedin.com/in/juliahartz,https://twitter.com/juliahartz,,Various consumer startups,Eventbrite co-founder/CEO
Katrina Lake,Individual Angel,Consumer / Retail / AI/ML,Pre-Seed to Seed,San Francisco / US,Women / Asian,$25K-$250K,Follow,Warm Intro,,,https://linkedin.com/in/katrinalake,https://twitter.com/kaborkin,,Various consumer/retail,Stitch Fix founder; youngest woman to IPO
Jenny Lefcourt,Individual Angel,Consumer / Marketplace / Female-focused,Pre-Seed to Seed,San Francisco / US,Women,$25K-$100K,Follow,Warm Intro,https://freestylevc.com,,https://linkedin.com/in/jennylefcourt,https://twitter.com/jaborkin,,Various marketplaces,Freestyle VC partner; All Raise co-founder
Ann Miura-Ko,Individual Angel,Enterprise / Deep Tech / Marketplace,Pre-Seed to Seed,Palo Alto / US,Women / Asian,$25K-$500K,Lead,Warm Intro,https://floodgate.com,,https://linkedin.com/in/annmiurako,https://twitter.com/anaborkin,,Lyft / Refinery29 / TaskRabbit / Modcloth,Floodgate co-founder; most powerful women in startups
Kirsten Green,Individual Angel,Consumer / DTC / Retail,Seed to Series A,San Francisco / US,Women,$50K-$500K,Lead,Warm Intro,https://forerunnerventures.com,,https://linkedin.com/in/kirstengreen,https://twitter.com/kgaborkin,,Dollar Shave Club / Glossier / Warby Parker / Bonobos,Forerunner Ventures founder; DTC pioneer investor
Sarah Tavel,Individual Angel,Consumer / Marketplace / Growth,Pre-Seed to Seed,San Francisco / US,Women,$25K-$250K,Follow,Warm Intro,https://benchmark.com,,https://linkedin.com/in/sarahtavel,https://twitter.com/saborkin,,Pinterest / Grubhub,Benchmark partner; hierarchy of engagement framework
Theresia Gouw,Individual Angel,Enterprise / Security / Cloud,Pre-Seed to Seed,San Francisco / US,Women / Asian,$25K-$500K,Lead,Warm Intro,https://acrew.capital,,https://linkedin.com/in/tgouw,https://twitter.com/tgouw,,Facebook / Trulia / various enterprise,Acrew Capital founder; ex-Aspect Ventures
Sukhinder Singh Cassidy,Individual Angel,Consumer / Marketplace / Enterprise,Pre-Seed to Seed,San Francisco / US,Women / South Asian,$25K-$250K,Follow,Warm Intro,https://borderfree.com,,https://linkedin.com/in/sukhinder,https://twitter.com/suaborkin,,Various marketplaces,theBoardlist founder; StubHub president; serial operator-angel
Mac Conwell,Individual Angel,Enterprise / SaaS / Diverse Founders,Pre-Seed to Seed,Baltimore / US,Black,$25K-$250K,Lead,Application,https://rarebreedvc.com,,https://linkedin.com/in/macconwell,https://twitter.com/maborkin,,Various enterprise SaaS,RareBreed Ventures founder; invests in overlooked founders
Brian Rumao,Individual Angel,Enterprise / SaaS / Fintech,Pre-Seed to Seed,San Francisco / US,,$10K-$100K,Follow,Warm Intro,,,https://linkedin.com/in/brianrumao,,,Various enterprise,Ex-LinkedIn; active angel in enterprise SaaS
April Underwood,Individual Angel,Consumer / SaaS / Climate,Pre-Seed to Seed,San Francisco / US,Women,$25K-$250K,Follow,Warm Intro,,,https://linkedin.com/in/aprilunderwood,https://twitter.com/aaborkin,,Various consumer/climate,Ex-Slack CPO; #Angels co-founder; climate investor
Lenny Rachitsky,Individual Angel,Consumer / Product / Growth,Pre-Seed to Seed,San Francisco / US,,$10K-$100K,Follow,Application via newsletter,https://lennysnewsletter.com,,https://linkedin.com/in/lennyrachitsky,https://twitter.com/lennysan,,Various consumer/product,Ex-Airbnb; top product newsletter; angel with product expertise
Erik Torenberg,Individual Angel,Tech / Community / Crypto,Pre-Seed to Seed,San Francisco / US,,$10K-$250K,Lead,Application,https://turpentine.co,,https://linkedin.com/in/eriktorenberg,https://twitter.com/eriktorenberg,,On Deck portfolio / various,On Deck founder; Turpentine / Village Global co-founder
Pomp (Anthony Pompliano),Individual Angel,Crypto / Fintech / Consumer,Pre-Seed to Seed,Miami / US,,$25K-$250K,Follow,Application,https://pomp.co,,https://linkedin.com/in/anthonypompliano,https://twitter.com/APompliano,,Various crypto/fintech,Pomp Investments; crypto/fintech newsletter and podcast
Alexia Bonatsos,Individual Angel,Consumer / AI / Crypto,Pre-Seed to Seed,San Francisco / US,Women,$25K-$500K,Lead,Application,https://dreammachinevp.com,,https://linkedin.com/in/alexiabonatsos,https://twitter.com/alexia,,Various consumer/AI,Dream Machine founder; ex-TechCrunch editor
Mike Maples Jr,Individual Angel,Enterprise / Consumer / Deep Tech,Pre-Seed to Seed,Austin / US,,$50K-$1M,Lead,Warm Intro,https://floodgate.com,,https://linkedin.com/in/maborkin,https://twitter.com/m2jr,,Twitter / Lyft / Bazaarvoice / Chegg,Floodgate co-founder; thunder lizard thesis
Dave Morin,Individual Angel,Consumer / Social / Health,Pre-Seed to Seed,San Francisco / US,,$25K-$250K,Follow,Warm Intro,https://slow.co,,https://linkedin.com/in/davemorin,https://twitter.com/davemorin,,Various consumer/social,Slow Ventures partner; ex-Facebook/Apple; Path founder
Craig Newmark,Individual Angel,Civic Tech / Journalism / Cybersecurity,Pre-Seed to Seed,New York / US,,$25K-$500K,Follow,Warm Intro,https://craignewmarkphilanthropies.org,,https://linkedin.com/in/craignewmark,https://twitter.com/craigaborkin,,Various civic/journalism,Craigslist founder; philanthropic angel
Jude Gomila,Individual Angel,AI / Fintech / Deep Tech,Pre-Seed to Seed,San Francisco / US,,$10K-$100K,Follow,Application,https://goldenfm.com,,https://linkedin.com/in/judegomila,https://twitter.com/judegomila,,Various AI/deep tech,Golden founder; BSV Angels; prolific AI angel
Brian Singerman,Individual Angel,Biotech / Deep Tech / Frontier,Seed to Series A,San Francisco / US,,$100K-$2M,Lead,Warm Intro,https://foundersfund.com,,https://linkedin.com/in/briansingerman,,,Various deep tech,Founders Fund partner; deep tech specialist
Parker Conrad,Individual Angel,Enterprise / HR Tech / Vertical SaaS,Pre-Seed to Seed,San Francisco / US,,$25K-$250K,Follow,Warm Intro,,,https://linkedin.com/in/parkerconrad,https://twitter.com/parkerconrad,,Various enterprise,Rippling founder/CEO; compound startup thesis
Immad Akhund,Individual Angel,Fintech / SaaS / Developer Tools,Pre-Seed to Seed,San Francisco / US,,$10K-$250K,Follow,Warm Intro,,,https://linkedin.com/in/immadakhund,https://twitter.com/immad,,Various fintech/SaaS,Mercury founder/CEO; YC alum; active angel
Guillermo Rauch,Individual Angel,Developer Tools / Infrastructure / AI,Pre-Seed to Seed,San Francisco / US,,$10K-$100K,Follow,Warm Intro,,,https://linkedin.com/in/guillrauch,https://twitter.com/raaborkin,,Various dev tools,Vercel founder/CEO; Next.js creator
Sriram Krishnan,Individual Angel,Consumer / Social / AI / Crypto,Pre-Seed to Seed,San Francisco / US,South Asian,$10K-$250K,Follow,Warm Intro,,,https://linkedin.com/in/sriramk,https://twitter.com/saborkin,,Various consumer/AI,a16z GP; ex-Twitter/Facebook/Snap; podcast host
Delian Asparouhov,Individual Angel,Defense / Space / Deep Tech,Pre-Seed to Seed,San Francisco / US,,$25K-$250K,Lead,Warm Intro,,,https://linkedin.com/in/delianasparouhov,https://twitter.com/zebulgar,,Varda Space / Anduril / various defense,Founders Fund principal; Varda Space co-founder
Packy McCormick,Individual Angel,Consumer / Strategy / Web3,Pre-Seed to Seed,New York / US,,$10K-$100K,Follow,Application,https://notboring.co,,https://linkedin.com/in/packymccormick,https://twitter.com/pacaborkin,,Various Not Boring portfolio,Not Boring newsletter; strategy-informed angel
Sahil Bloom,Individual Angel,Consumer / Creator Economy / Health,Pre-Seed to Seed,US,,$10K-$100K,Follow,Application,https://sahilbloom.com,,https://linkedin.com/in/sahilbloom,https://twitter.com/SahilBloom,,Various consumer startups,Newsletter creator; ex-PE; angel with large social following
Stefan Batory,Individual Angel,Marketplaces / Logistics / Fintech,Pre-Seed to Seed,London / Europe,,$25K-$250K,Lead,Warm Intro,,,https://linkedin.com/in/stefanbatory,https://twitter.com/stefanbatory,,Various European startups,Booksy co-founder; active European super angel
Carlos Eduardo Espinal,Individual Angel,Enterprise / SaaS / Deep Tech,Pre-Seed to Seed,London / Europe,,$25K-$250K,Lead,Application,https://seedcamp.com,,https://linkedin.com/in/cespaborkin,https://twitter.com/caborkin,,Various Seedcamp portfolio,Seedcamp partner; European early-stage specialist
Christoph Janz,Individual Angel,SaaS / Marketplaces / Enterprise,Pre-Seed to Seed,Berlin / Europe,,$25K-$500K,Lead,Application,https://pointninecap.com,,https://linkedin.com/in/christophjanz,https://twitter.com/chraborkin,,Zendesk / Algolia / Typeform / Contentful,Point Nine Capital founder; SaaS napkin math creator
Niklas Zennström,Individual Angel,Tech / Climate / Deep Tech,Seed to Series A,London / Europe,,$100K-$2M,Lead,Warm Intro,https://atomico.com,,https://linkedin.com/in/niklaszennstrom,,,Various Atomico portfolio,Skype co-founder; Atomico founder; climate focus
Eileen Burbidge,Individual Angel,Fintech / Marketplace / Enterprise,Pre-Seed to Seed,London / UK,Women,$25K-$250K,Lead,Application,https://passion.capital,,https://linkedin.com/in/eileenburbidge,https://twitter.com/eaborkin,,Monzo / GoCardless / various UK,Passion Capital founder; UK fintech pioneer
Ed Zimmerman,Individual Angel,Enterprise / Legal Tech / Media,Pre-Seed to Seed,New York / US,,$10K-$100K,Follow,Warm Intro,,,https://linkedin.com/in/edzimmerman,https://twitter.com/edaborkin,,Various early stage,First Round angel; legal/tech community builder
Manu Kumar,Individual Angel,Enterprise / SaaS / Dev Tools,Pre-Seed to Seed,Palo Alto / US,,$25K-$250K,Lead,Warm Intro,https://k9ventures.com,,https://linkedin.com/in/manuaborkin,https://twitter.com/manuaborkin,,Lyft / Twilio / Carta,K9 Ventures founder; Stanford PhD; very early stage focus
Ben Ling,Individual Angel,Consumer / Fintech / Enterprise,Pre-Seed to Seed,San Francisco / US,,$10K-$250K,Lead,Application,https://bling.capital,,https://linkedin.com/in/benling,https://twitter.com/beaborkin,,Various Bling Capital portfolio,Bling Capital founder; ex-Google/Facebook/Khosla
Itai Tsiddon,Individual Angel,Consumer / Social / Gaming,Pre-Seed to Seed,Tel Aviv / Israel,,$10K-$100K,Follow,Warm Intro,,,https://linkedin.com/in/itaitsiddon,https://twitter.com/iaborkin,,Various Israeli startups,Serial entrepreneur; active Israeli angel
Michael Seibel,Individual Angel,Consumer / Enterprise / YC founders,Pre-Seed to Seed,San Francisco / US,Black,$10K-$100K,Follow,Application via YC,https://ycombinator.com,,https://linkedin.com/in/mseibel,https://twitter.com/maborkin,,Various YC companies,YC Managing Director; Justin.tv/Twitch co-founder
Gustaf Alströmer,Individual Angel,Growth / Consumer / SaaS,Pre-Seed to Seed,San Francisco / US,,$10K-$100K,Follow,Application,https://ycombinator.com,,https://linkedin.com/in/gustaf,https://twitter.com/gustaf,,Various YC companies,YC Group Partner; ex-Airbnb growth lead
Kat Mañalac,Individual Angel,Consumer / Community / Culture,Pre-Seed to Seed,San Francisco / US,Women / Filipino,$10K-$50K,Follow,Application,https://ycombinator.com,,https://linkedin.com/in/katmanalac,https://twitter.com/kataborkin,,Various YC companies,YC Managing Outreach; champion of diverse founders
Tikhon Bernstam,Individual Angel,Enterprise / Developer / Consumer,Pre-Seed to Seed,San Francisco / US,,$25K-$250K,Follow,Warm Intro,https://parseventures.com,,https://linkedin.com/in/tikhon,https://twitter.com/tikhon,,Various early stage,Parse founder (acq by Facebook); prolific angel
Ricardo Reis,Individual Angel,Fintech / Marketplace / SaaS,Pre-Seed to Seed,Lisbon / Europe,,$10K-$100K,Follow,Warm Intro,,,https://linkedin.com/in/ricardoreis,,,Various European startups,Active Portuguese/European angel investor
Peng T. Ong,Individual Angel,Enterprise / AI / SaaS,Pre-Seed to Seed,Singapore / Asia,,$25K-$500K,Lead,Application,https://monkshill.com,,https://linkedin.com/in/pengaborkin,,,Various Southeast Asian startups,Monk's Hill Ventures co-founder; Match.com founding team
Khailee Ng,Individual Angel,Consumer / Fintech / Marketplace,Pre-Seed to Seed,Kuala Lumpur / Asia,Asian,$10K-$250K,Lead,Application,https://500.co,,https://linkedin.com/in/khaborkin,https://twitter.com/khailee,,Various Southeast Asian startups,500 Global Managing Partner; Southeast Asia focus
Nithin Kamath,Individual Angel,Fintech / Consumer / EdTech,Pre-Seed to Seed,Bangalore / India,South Asian,$10K-$250K,Both,Application,https://rainmatter.com,,https://linkedin.com/in/nithinkamath,https://twitter.com/Nithin0dha,,Various Indian fintech/climate,Zerodha founder; Rainmatter Foundation; India's largest broker
Sandeep Nailwal,Individual Angel,Crypto / Web3 / Infrastructure,Pre-Seed to Seed,Dubai / Global,South Asian,$25K-$250K,Follow,Warm Intro,,,https://linkedin.com/in/sandeepnailwal,https://twitter.com/sanaborkin,,Various web3 projects,Polygon co-founder; active crypto angel
Mike Jones,Individual Angel,Consumer / Media / Entertainment,Pre-Seed to Seed,Los Angeles / US,,$25K-$250K,Lead,Application,https://scienceincubator.com,,https://linkedin.com/in/mikejones,https://twitter.com/mjaborkin,,Dollar Shave Club / PlayVS / various,Science Inc founder; LA ecosystem builder
Gil Penchina,Individual Angel,Tech / Consumer / Enterprise,Pre-Seed to Seed,Reno / US,,$10K-$100K,Follow,Application via AngelList,,,https://linkedin.com/in/gilpenchina,https://twitter.com/gilpenchina,,PayPal / LinkedIn / various,One of most active AngelList syndicate leads
David Cancel,Individual Angel,SaaS / MarTech / Conversational AI,Pre-Seed to Seed,Boston / US,,$10K-$100K,Follow,Warm Intro,https://drift.com,,https://linkedin.com/in/dcancel,https://twitter.com/dcancel,,Various SaaS startups,Drift founder/CEO; serial entrepreneur; 5x founder
Brendan Wallace,Individual Angel,Real Estate Tech / Climate / Fintech,Pre-Seed to Seed,Los Angeles / US,,$25K-$250K,Lead,Application,https://fifthwall.com,,https://linkedin.com/in/brendanwallace,https://twitter.com/BrendanWallace,,Various proptech/climate,Fifth Wall co-founder; proptech specialist
Justin Kan,Individual Angel,Consumer / Gaming / Legal Tech,Pre-Seed to Seed,San Francisco / US,,$10K-$250K,Follow,Warm Intro,,,https://linkedin.com/in/justinkan,https://twitter.com/justinkan,,Various startups,Twitch co-founder; YC partner; serial entrepreneur
Sheel Mohnot,Individual Angel,Fintech / Payments / SaaS,Pre-Seed to Seed,San Francisco / US,South Asian,$10K-$100K,Lead,Application,https://betterbeveryday.vc,,https://linkedin.com/in/sheelmohnot,https://twitter.com/pitdesi,,Various fintech,Better Tomorrow Ventures co-founder; fintech specialist
Jake Chapman,Individual Angel,AI / Enterprise / SaaS,Pre-Seed to Seed,San Francisco / US,,$10K-$250K,Follow,Warm Intro,,,https://linkedin.com/in/jakechapman,https://twitter.com/jakaborkin,,Various enterprise/AI,Active super angel; AI enterprise focus
Gigi Levy-Weiss,Individual Angel,Consumer / Gaming / Marketplace,Pre-Seed to Seed,Tel Aviv / Israel,,$25K-$500K,Lead,Application,https://nfx.com,,https://linkedin.com/in/gigilevyweiss,https://twitter.com/gaborkin,,Various NFX portfolio,NFX General Partner; serial Israeli entrepreneur
Pete Flint,Individual Angel,Consumer / Marketplace / PropTech,Pre-Seed to Seed,San Francisco / US,,$25K-$500K,Lead,Application,https://nfx.com,,https://linkedin.com/in/pflint,https://twitter.com/paborkin,,Trulia / various NFX portfolio,NFX co-founder; Trulia co-founder; marketplace expert
James Currier,Individual Angel,Marketplace / Network Effects / Consumer,Pre-Seed to Seed,San Francisco / US,,$25K-$500K,Lead,Application,https://nfx.com,,https://linkedin.com/in/jamescurrier,https://twitter.com/jaborkin,,Various NFX portfolio,NFX co-founder; network effects framework creator
Marcos Galperin,Individual Angel,E-commerce / Fintech / Marketplace,Pre-Seed to Seed,Buenos Aires / LATAM,Latino,$50K-$500K,Follow,Warm Intro,,,https://linkedin.com/in/marcosgalperin,https://twitter.com/marcos_galperin,,Various LATAM startups,MercadoLibre founder/CEO; LATAM tech godfather
David Vélez,Individual Angel,Fintech / Consumer / Latin America,Pre-Seed to Seed,São Paulo / LATAM,Latino,$50K-$500K,Follow,Warm Intro,,,https://linkedin.com/in/davidvelez,https://twitter.com/dvaborkin,,Various LATAM fintech,Nubank founder/CEO; largest digital bank in LATAM
Santiago Subotovsky,Individual Angel,Fintech / SaaS / LATAM,Pre-Seed to Seed,San Francisco / LATAM,Latino,$25K-$250K,Lead,Application,https://emergence.com,,https://linkedin.com/in/saborkin,https://twitter.com/saborkin,,Auth0 / MercadoLibre,Emergence Capital partner; LATAM bridge investor
Yuri Milner,Individual Angel,Tech / Consumer / Deep Tech,Seed to Series A,Silicon Valley / Global,,$100K-$10M,Both,Warm Intro,https://dst.global,,https://linkedin.com/in/yurimilner,,,Facebook / Twitter / Alibaba / Spotify,DST Global founder; Breakthrough Prize
Masayoshi Son,Individual Angel,Tech / AI / Telecom,Series A+,Tokyo / Global,Asian,$1M+,,Warm Intro,https://softbank.com,,,,,Alibaba / Yahoo / Sprint / various Vision Fund,SoftBank founder; Vision Fund; legendary tech investor
Hyde Park Angels,Angel Group,Tech / Consumer / Enterprise,Pre-Seed to Series A,Chicago / US,,$50K-$500K,Lead,Application,https://hydeparkangels.com,https://hydeparkangels.com/entrepreneurs/,https://linkedin.com/company/hyde-park-angels,https://twitter.com/haborkin,,Various Midwest startups,Largest angel group in Midwest; 100+ members
Central Texas Angel Network,Angel Group,Tech / Consumer / Health,Pre-Seed to Series A,Austin / US,,$50K-$500K,Lead,Application,https://ctangels.com,https://ctangels.com/apply/,https://linkedin.com/company/ctan,https://twitter.com/caborkin,,Various Austin startups,Active Austin angel group
Angel Capital Group,Angel Group,Tech / Life Sciences / Clean Energy,Pre-Seed to Series A,US,,$50K-$500K,Lead,Application,https://angelcapitalgroup.com,,https://linkedin.com/company/angel-capital-group,,,Various across sectors,Multi-region angel group
Sand Hill Angels,Angel Group,Tech / Enterprise / Life Sciences,Pre-Seed to Series A,Menlo Park / US,,$50K-$500K,Lead,Application,https://sandhillangels.com,,https://linkedin.com/company/sand-hill-angels,,,Various SV startups,Silicon Valley angel group; 60+ members
North Coast Angel Fund,Angel Group,Tech / Consumer / Manufacturing,Pre-Seed to Series A,Cleveland / US,,$25K-$250K,Lead,Application,https://northcoastangelfund.com,,https://linkedin.com/company/north-coast-angel-fund,,,Various Ohio startups,Ohio/Midwest angel fund
Sacramento Angels,Angel Group,Tech / AgTech / Consumer,Pre-Seed to Series A,Sacramento / US,,$25K-$250K,Lead,Application,https://sacangels.com,,https://linkedin.com/company/sacramento-angels,,,Various NorCal startups,Sacramento/NorCal angel group
Blue Tree Allied Angels,Angel Group,Tech / Health / Life Sciences,Pre-Seed to Series A,Pittsburgh / US,,$25K-$250K,Lead,Application,https://bluetreealliedangels.com,,https://linkedin.com/company/blue-tree-allied-angels,,,Various Pittsburgh startups,Pittsburgh angel group
Boise Angel Alliance,Angel Group,Tech / Consumer / AgTech,Pre-Seed to Series A,Boise / US,,$25K-$250K,,Application,https://boiseangels.com,,,,,Various Idaho startups,Idaho angel group
Ohio TechAngels,Angel Group,Tech / Enterprise / Health,Pre-Seed to Series A,Ohio / US,,$25K-$250K,Lead,Application,https://ohiotechangels.com,,https://linkedin.com/company/ohio-tech-angels,,,Various Ohio startups,Ohio technology angel fund
Rockies Venture Club,Angel Group,Tech / Consumer / Clean Energy,Pre-Seed to Series A,Denver / US,,$25K-$500K,Lead,Application,https://rockiesventureclub.org,,https://linkedin.com/company/rockies-venture-club,,,Various Colorado startups,Colorado's oldest angel group; founded 1985
Long Island Angel Network,Angel Group,Tech / Health / Consumer,Pre-Seed to Series A,Long Island / US,,$25K-$250K,Lead,Application,https://liangels.com,,https://linkedin.com/company/long-island-angel-network,,,Various NY startups,Long Island / NY angel group
37 Angels,Angel Group,Tech / Consumer / Health,Pre-Seed to Seed,New York / US,Women,$25K-$100K,Follow,Application,https://37angels.com,https://37angels.com/apply/,https://linkedin.com/company/37-angels,https://twitter.com/37angels,,Various early stage,Women-led angel group; investor education focus
Angel Academe,Angel Group,Tech / Consumer / Social Impact,Pre-Seed to Seed,London / UK,Women,$10K-$250K,Follow,Application,https://angelacademe.com,https://angelacademe.com/apply/,https://linkedin.com/company/angel-academe,https://twitter.com/angelacademe,,Various female-founded,Women-focused UK angel network
Paris Business Angels,Angel Group,Tech / Consumer / Deep Tech,Pre-Seed to Series A,Paris / France,,€25K-€500K,Lead,Application,https://parisbusinessangels.com,,https://linkedin.com/company/paris-business-angels,,,Various French startups,One of France's largest angel networks
Munich Network,Angel Group,Tech / Biotech / Deep Tech,Pre-Seed to Series A,Munich / Germany,,€25K-€500K,Lead,Application,https://munichnetwork.com,,https://linkedin.com/company/munich-network,,,Various Bavarian startups,Munich/Bavaria angel and innovation network
Business Angels Europe (BAE),Angel Group,Tech / Consumer / Enterprise,Pre-Seed to Series A,Europe-wide,,€25K-€1M,Lead,Application,https://businessangelseurope.com,,https://linkedin.com/company/business-angels-europe,,,Various European startups,Pan-European angel federation
Spain Business Angels Network (ESBAN),Angel Group,Tech / Consumer / Tourism,Pre-Seed to Series A,Spain,,€10K-€250K,Lead,Application,https://esban.com,,https://linkedin.com/company/esban,,,Various Spanish startups,Spanish national angel network
Italian Angels for Growth (IAG),Angel Group,Tech / Fashion / Food,Pre-Seed to Series A,Milan / Italy,,€25K-€500K,Lead,Application,https://italianangels.net,,https://linkedin.com/company/italian-angels-for-growth,,,Various Italian startups,Italy's largest angel group; 200+ members
Swiss Startup Invest,Angel Group,Tech / Biotech / Fintech,Pre-Seed to Series A,Zurich / Switzerland,,CHF 25K-500K,Lead,Application,https://startupinvest.ch,,https://linkedin.com/company/swiss-startup-invest,,,Various Swiss startups,Swiss angel network and startup platform
Nordic Business Angel Network,Angel Group,Tech / Clean Tech / Health,Pre-Seed to Series A,Nordics / Europe,,€25K-€500K,Lead,Application,https://nordicban.org,,https://linkedin.com/company/nordicban,,,Various Nordic startups,Pan-Nordic angel network
Stockholm Business Angels,Angel Group,Tech / Fintech / Gaming,Pre-Seed to Series A,Stockholm / Sweden,,SEK 250K-5M,Lead,Application,https://stockholmbusinessangels.se,,https://linkedin.com/company/stockholm-business-angels,,,Various Swedish startups,Stockholm angel group
HBAN (Halo Business Angel Network),Angel Group,Tech / AgTech / Health,Pre-Seed to Series A,Ireland,,€25K-€250K,Lead,Application,https://hban.org,https://hban.org/entrepreneur/,https://linkedin.com/company/hban,https://twitter.com/HaloAngels,,Various Irish startups,Ireland's national angel network
Indian Angel Network,Angel Group,Tech / Consumer / Health,Pre-Seed to Series A,Delhi / India,South Asian,$25K-$500K,Lead,Application,https://indianangelnetwork.com,https://indianangelnetwork.com/pitch/,https://linkedin.com/company/indian-angel-network,https://twitter.com/iaborkin,,InMobi / PolicyBazaar / various Indian,India's largest angel group; 500+ members; 200+ investments
Mumbai Angels,Angel Group,Tech / Fintech / Health,Pre-Seed to Series A,Mumbai / India,South Asian,$25K-$250K,Lead,Application,https://mumbaiangels.com,,https://linkedin.com/company/mumbai-angels,,,Various Indian startups,Active Indian angel network
Calcutta Angels,Angel Group,Tech / Consumer / E-commerce,Pre-Seed to Series A,Kolkata / India,South Asian,$10K-$250K,Lead,Application,https://calcuttaangels.com,,https://linkedin.com/company/calcutta-angels,,,Various Indian startups,East India angel group
AngelCentral,Angel Group,Tech / Consumer / Fintech,Pre-Seed to Series A,Singapore / SEA,Asian,$25K-$500K,Lead,Application,https://angelcentral.co,https://angelcentral.co/startups/,https://linkedin.com/company/angelcentral,https://twitter.com/aaborkin,,Various SEA startups,Singapore angel network; investor education
Angel Investment Network (AIN),Angel Group,General / Tech / Consumer,Pre-Seed to Series A,Global,,$10K-$500K,Follow,Application / Online Platform,https://angelinvestmentnetwork.co.uk,,https://linkedin.com/company/angel-investment-network,,,Various global startups,Largest online angel matching platform; 300K+ members
Korean Venture Capital Association Angels,Angel Group,Tech / Consumer / K-Content,Pre-Seed to Series A,Seoul / South Korea,Asian,$25K-$500K,,Application,https://kvca.or.kr,,,,,Various Korean startups,Korean angel/VC association
Japan Angel Network,Angel Group,Tech / Deep Tech / Robotics,Pre-Seed to Series A,Tokyo / Japan,Asian,¥5M-¥50M,,Application,https://janbo.gr.jp,,,,,Various Japanese startups,Japanese angel investor network
Beijing Angels,Angel Group,Tech / AI / Consumer,Pre-Seed to Series A,Beijing / China,Warm Intro,$50K-$1M,,Various Chinese startups,,,,,,,Asian
ABAN (African Business Angel Network),Angel Group,Tech / AgTech / Fintech,Pre-Seed to Series A,Pan-Africa,,$10K-$250K,Lead,Application,https://abanangels.org,,https://linkedin.com/company/african-business-angel-network,https://twitter.com/ABANAngels,,Various African startups,Pan-African angel network; 50+ angel groups
Cairo Angels,Angel Group,Tech / Consumer / Fintech,Pre-Seed to Series A,Cairo / Egypt,,$10K-$250K,Lead,Application,https://cairoangels.com,,https://linkedin.com/company/cairo-angels,https://twitter.com/CairoAngels,,Various Egyptian/MENA startups,Leading Egyptian angel group
Lagos Angel Network,Angel Group,Tech / Fintech / Consumer,Pre-Seed to Series A,Lagos / Nigeria,Black,$10K-$250K,Lead,Application,https://lagosangelnetwork.com,,https://linkedin.com/company/lagos-angel-network,,,Various Nigerian startups,Nigerian angel investor network
ViKtoria Ventures,Angel Group,Tech / Consumer / Health,Pre-Seed to Series A,East Africa,Black,$10K-$250K,Lead,Application,https://viktoriaventures.com,,https://linkedin.com/company/viktoria-ventures,,,Various East African startups,East African angel/VC
Johannesburg Angel Network,Angel Group,Tech / Fintech / Mining Tech,Pre-Seed to Series A,Johannesburg / South Africa,Application,$10K-$250K,,Various SA startups,,,,,,,Black
Nairobi Business Angels,Angel Group,Tech / AgTech / Health,Pre-Seed to Series A,Nairobi / Kenya,Application,$10K-$100K,,Various Kenyan startups,,,,,,,Black
BECO Capital Angels,Angel Group,Tech / Consumer / Fintech,Pre-Seed to Series A,Dubai / UAE,,$25K-$500K,Lead,Application,https://becocapital.com,,https://linkedin.com/company/beco-capital,https://twitter.com/becocapital,,Careem / various MENA,Leading MENA angel/VC; Careem early investor
MEVP (Middle East Venture Partners),Angel Group,Tech / Fintech / Consumer,Pre-Seed to Series A,Beirut / MENA,,$25K-$500K,Lead,Application,https://mevp.com,,https://linkedin.com/company/mevp,,,Various MENA startups,MENA venture/angel fund
Wamda Capital Angels,Angel Group,Tech / Consumer / E-commerce,Pre-Seed to Series A,Dubai / MENA,,$25K-$500K,Lead,Application,https://wamda.com,,https://linkedin.com/company/wamda,https://twitter.com/wamdacom,,Various MENA startups,MENA startup ecosystem builder
Oasis500,Angel Group,Tech / Consumer / Media,Pre-Seed to Seed,Amman / Jordan,,$10K-$100K,Lead,Application,https://oasis500.com,,https://linkedin.com/company/oasis500,https://twitter.com/Oasis500,,Various Jordanian startups,Jordan-based accelerator/angel group
Sydney Angels,Angel Group,Tech / Consumer / Health,Pre-Seed to Series A,Sydney / Australia,,AUD 25K-500K,Lead,Application,https://sydneyangels.net.au,https://sydneyangels.net.au/entrepreneurs/,https://linkedin.com/company/sydney-angels,https://twitter.com/SydneyAngels,,Various Australian startups,Sydney's premier angel group; 80+ members
Melbourne Angels,Angel Group,Tech / Consumer / AgTech,Pre-Seed to Series A,Melbourne / Australia,,AUD 25K-500K,Lead,Application,https://melbourneangels.net,,https://linkedin.com/company/melbourne-angels,,,Various Australian startups,Melbourne angel group
Ice Angels,Angel Group,Tech / Consumer / AgTech,Pre-Seed to Series A,Auckland / New Zealand,,NZD 25K-500K,Lead,Application,https://iceangels.co.nz,,https://linkedin.com/company/ice-angels,,,Various NZ startups,New Zealand's largest angel group
Anjos do Brasil,Angel Group,Tech / Consumer / Fintech,Pre-Seed to Series A,São Paulo / Brazil,Latino,BRL 50K-500K,Lead,Application,https://anjosdobrasil.net,,https://linkedin.com/company/anjos-do-brasil,https://twitter.com/AnjosdoBrasil,,Various Brazilian startups,Brazil's national angel association
ARCAP (Asociación Argentina de Capital Privado),Angel Group,Tech / AgTech / Fintech,Pre-Seed to Series A,Buenos Aires / Argentina,Latino,$10K-$250K,Lead,Application,https://arcap.org,,https://linkedin.com/company/arcap,,,Various Argentine startups,Argentine private capital/angel association
Mexico Angels / Angel Ventures Mexico,Angel Group,Tech / Consumer / Fintech,Pre-Seed to Series A,Mexico City / Mexico,Latino,$10K-$250K,Lead,Application,https://angelventures.vc,,https://linkedin.com/company/angel-ventures-mexico,,,Various Mexican startups,Mexico's leading angel network
Chile Global Angels,Angel Group,Tech / Mining / AgTech,Pre-Seed to Series A,Santiago / Chile,Latino,$10K-$250K,,Application,,,,,,Various Chilean startups,Chilean angel network
Colombia Angels,Angel Group,Tech / Consumer / AgTech,Pre-Seed to Series A,Bogotá / Colombia,Latino,$10K-$250K,,Application,,,,,,Various Colombian startups,Colombian angel network
Jason Calacanis Syndicate (LAUNCH),Syndicate,Tech / SaaS / AI,Pre-Seed to Seed,US / Global,,$1K-$25K (per LP),Lead,Application via LAUNCH,https://launch.co,https://launch.co/apply,https://linkedin.com/in/jasoncalacanis,https://twitter.com/jason,,Uber / Robinhood / Calm,One of largest AngelList syndicates; LAUNCH festival
Spearhead Capital,Syndicate,Tech / Diverse Sectors,Pre-Seed to Seed,US,,$25K-$100K per deal,Lead,Application / Founder program,https://spearhead.co,,https://linkedin.com/company/spearhead,,,Various tech startups,Funds founders to become angels; backed by a16z
On Deck Angels,Syndicate,Tech / Consumer / Diverse,Pre-Seed to Seed,US / Global,,$1K-$10K (per LP),Follow,Application / Fellowship,https://beondeck.com,,https://linkedin.com/company/on-deck,https://twitter.com/beondeck,,Various ODF portfolio,Part of On Deck ecosystem; fellowship alumni network
AngelList Access Fund,Syndicate,Tech / Diverse Sectors,Pre-Seed to Seed,US / Global,,$1K+ (per LP),Follow,Platform / Auto-invest,https://angellist.com,,https://linkedin.com/company/angellist,https://twitter.com/angellist,,Broad AngelList deal flow,Top AngelList deals auto-invest fund
Republic,Syndicate,Consumer / Tech / Real Estate / Crypto,Pre-Seed to Seed,US / Global,,$50+ (per investor),Follow,Open Platform,https://republic.co,,https://linkedin.com/company/republic,https://twitter.com/joinrepublic,,Various crowdfunded deals,Equity crowdfunding platform; retail investors welcome
Wefunder,Syndicate,Consumer / Tech / Community,Pre-Seed to Seed,US,,$100+ (per investor),Follow,Open Platform,https://wefunder.com,,https://linkedin.com/company/wefunder,https://twitter.com/wefunder,,Various community-funded deals,Community round platform; Reg CF specialists
Gil Penchina Syndicate,Syndicate,Tech / Consumer / Enterprise,Pre-Seed to Seed,US,,$1K-$25K (per LP),Follow,AngelList,https://angellist.com/gilpenchina,,https://linkedin.com/in/gilpenchina,https://twitter.com/gilpenchina,,PayPal / LinkedIn / various,One of most prolific AngelList syndicate leads
Climate Capital Syndicate,Syndicate,Climate / Clean Energy / Sustainability,Pre-Seed to Seed,US / Global,,$1K-$25K (per LP),Lead,Application,https://climatecapital.co,,https://linkedin.com/company/climatecap,https://twitter.com/climate_cap,,Various climate tech,Climate-focused angel syndicate
Health Tech Syndicate (AngelList),Syndicate,Health Tech / Digital Health / Biotech,Pre-Seed to Seed,US,,$1K-$25K (per LP),,AngelList,https://angellist.com,,,,,Various health tech,Health technology focused syndicate
Operators Fund (AngelList),Syndicate,Enterprise / SaaS / Consumer,Pre-Seed to Seed,US,,$1K-$25K (per LP),,AngelList,https://angellist.com,,,,,Various operator-founded,Operator-led syndicate on AngelList
Novo Holdings Angel Investments,Syndicate,Biotech / Life Sciences / Health,Pre-Seed to Series A,Copenhagen / Europe,,$50K-$500K,Lead,Warm Intro,https://novoholdings.dk,,https://linkedin.com/company/novo-holdings,,,Various biotech/life sciences,Novo Nordisk Foundation investment arm
Wischoff Ventures Syndicate,Syndicate,SaaS / Consumer / Enterprise,Pre-Seed to Seed,US,,$1K-$25K (per LP),Lead,AngelList,https://angellist.com,,https://linkedin.com/in/adamwischoff,https://twitter.com/awischoff,,Various SaaS,Active SaaS syndicate lead
Calm Company Fund,Syndicate,Bootstrapped / Calm Companies / SaaS,Pre-Seed to Seed,US / Global,,$50K-$250K,Lead,Application,https://calmfund.com,,https://linkedin.com/company/calm-fund,https://twitter.com/thecalmfund,,Various bootstrapped companies,Alternative to VC; invests in calm/sustainable companies
Precursor Ventures Scout Program,Syndicate,Consumer / Mobile / Enterprise,Pre-Seed,San Francisco / US,Black,$10K-$50K,Follow,Application,https://precursorvc.com,,https://linkedin.com/company/precursor-ventures,https://twitter.com/precursorvc,,Various scout discoveries,Charles Hudson's scout network
Sequoia Scout Program,Syndicate,Tech / Enterprise / Consumer,Pre-Seed to Seed,US / Global,,$25K-$100K,Follow,Invitation Only,https://sequoiacap.com,,https://linkedin.com/company/sequoia-capital,,,Various via scouts,Sequoia's angel scout program
Notation Capital Scout Program,Syndicate,Tech / Enterprise / Consumer,Pre-Seed,New York / US,,$10K-$50K,Follow,Application,https://notation.vc,,https://linkedin.com/company/notation-capital,https://twitter.com/notationvc,,Various NYC pre-seed,NYC pre-seed fund with scout program
South Park Commons,Syndicate,Deep Tech / AI / Research,Pre-Seed to Seed,San Francisco / US,,$10K-$100K,Follow,Fellowship + Application,https://southparkcommons.com,,https://linkedin.com/company/south-park-commons,https://twitter.com/spcommons,,Various deep tech/AI,Community for technologists exploring; angel component
Backbone Angels,Syndicate,Diverse Founders / Tech / Consumer,Pre-Seed to Seed,US,Black / Latino,$1K-$25K (per LP),Follow,Application,https://backboneangels.com,,https://linkedin.com/company/backbone-angels,,,Various diverse-founded,Syndicate focused on underrepresented founders
Techstars Syndicate,Syndicate,Tech / Diverse Sectors,Pre-Seed to Seed,US / Global,,$1K-$25K (per LP),Follow,AngelList,https://angellist.com,,https://linkedin.com/company/techstars,https://twitter.com/techstars,,Various Techstars alumni,Techstars alumni and mentor syndicate
500 Global Syndicate,Syndicate,Tech / Consumer / Fintech,Pre-Seed to Seed,Global,,$1K-$25K (per LP),Follow,Platform,https://500.co,,https://linkedin.com/company/500-global,https://twitter.com/500Global,,Various 500 portfolio,500 Global alumni and LP syndicate
Everywhere Ventures (formerly Community Fund),Syndicate,Consumer / Community / Creator,Pre-Seed to Seed,US / Global,,$25K-$250K,Lead,Application,https://everywhere.vc,,https://linkedin.com/company/everywhere-vc,https://twitter.com/everywherevc,,Various community-driven,Community-powered venture fund; 500+ scout network
Scout Fund (First Round Capital),Syndicate,Tech / Consumer / Enterprise,Pre-Seed to Seed,US,,$25K-$100K,Follow,Invitation Only,https://firstround.com,,https://linkedin.com/company/first-round-capital,,,Various via scouts,First Round's angel scout program
Maple VC (Canadian Angels),Syndicate,Tech / Consumer / SaaS,Pre-Seed to Seed,Canada / US,,$25K-$250K,Lead,Application,https://maple.vc,,https://linkedin.com/company/maple-vc,,,Various Canadian startups,Canadian-focused syndicate/fund
Mandela Schumacher-Hodge Dixon,Individual Angel,Impact / Diverse Founders / Consumer,Pre-Seed to Seed,Oakland / US,Black / Women,$10K-$100K,Follow,Warm Intro,https://allraise.org,,https://linkedin.com/in/mandelashd,https://twitter.com/mandelashd,,Various diverse-founded,All Raise CEO; diversity in VC champion
Marlon Nichols,Individual Angel,Consumer / Enterprise / Deep Tech,Pre-Seed to Seed,Los Angeles / US,Black,$25K-$500K,Lead,Application,https://macventurecapital.com,,https://linkedin.com/in/marlonnichols,https://twitter.com/maborkin,,MongoDB / Gimlet Media / PlayVS,MaC Venture Capital co-founder; Kauffman Fellow
Adrian Fenty,Individual Angel,Consumer / GovTech / Urban Tech,Pre-Seed to Seed,Washington DC / US,Black,$25K-$250K,Follow,Warm Intro,https://macventurecapital.com,,https://linkedin.com/in/adrianfenty,https://twitter.com/AFenty,,Various consumer/govtech,MaC Venture Capital; former DC Mayor
Freada Kapor Klein,Individual Angel,Impact / Diverse Founders / EdTech,Pre-Seed to Seed,Oakland / US,Women,$25K-$250K,Lead,Application,https://kaporcapital.com,,https://linkedin.com/in/fkaborkin,https://twitter.com/faborkin,,Various diverse-founded,Kapor Capital co-founder; diversity in tech pioneer
Mitch Kapor,Individual Angel,Impact / Enterprise / EdTech,Pre-Seed to Seed,Oakland / US,,$25K-$500K,Lead,Application,https://kaporcapital.com,,https://linkedin.com/in/mitchkapor,https://twitter.com/maborkin,,Uber / various impact,Kapor Capital co-founder; Lotus founder; gap-closing investing
Tristan Walker,Individual Angel,Consumer / DTC / Health & Beauty,Pre-Seed to Seed,Atlanta / US,Black,$10K-$100K,Follow,Warm Intro,,,https://linkedin.com/in/tristanwalker,https://twitter.com/TristanWalker,,Various consumer/DTC,Walker & Company (Bevel) founder; acq by P&G
Lisa Lambert,Individual Angel,Enterprise / AI / Infrastructure,Pre-Seed to Seed,San Jose / US,Women / Black,$25K-$250K,Follow,Warm Intro,https://nvidiaventures.com,,https://linkedin.com/in/lisalambert,,,Various enterprise/AI,NVIDIA VP/GM; active angel in enterprise AI
Kesha Cash,Individual Angel,Impact / Consumer / Diverse Founders,Pre-Seed to Seed,Oakland / US,Black / Women,$10K-$100K,Lead,Application,https://impact-america.com,,https://linkedin.com/in/keshacash,https://twitter.com/kaborkin,,Various impact companies,Impact America Fund founder; underserved communities focus
Angela Lee,Individual Angel,Consumer / EdTech / Social Impact,Pre-Seed to Seed,New York / US,Women / Asian,$10K-$100K,Follow,Application,https://37angels.com,,https://linkedin.com/in/angelalee,https://twitter.com/anaborkin,,Various early stage,37 Angels founder; Columbia Business School professor
Loretta McCarthy,Individual Angel,Consumer / Health / Retail,Pre-Seed to Seed,New York / US,Women,$10K-$100K,Follow,Application,https://goldenseeds.com,,https://linkedin.com/in/lorettamccarthy,,,Various women-led,Golden Seeds managing director
Leslie Feinzaig,Individual Angel,Consumer / Enterprise / Female Founders,Pre-Seed to Seed,Seattle / US,Women / Latina,$10K-$100K,Follow,Application,https://femalefoundersalliance.org,,https://linkedin.com/in/lesliefeinzaig,https://twitter.com/LFeinzaig,,Various female-founded,Female Founders Alliance founder; Latina tech leader
Laura Huang,Individual Angel,Consumer / Enterprise / AI,Pre-Seed to Seed,Boston / US,Women / Asian,$10K-$50K,Follow,Warm Intro,,,https://linkedin.com/in/laurahuang,https://twitter.com/laurahuang,,Various early stage,Harvard Business School professor; Edge author
Nathalie Molina Niño,Individual Angel,Impact / Consumer / LatAm,Pre-Seed to Seed,New York / US,Latina / Women,$10K-$100K,Follow,Warm Intro,https://buentipa.com,,https://linkedin.com/in/nathaliemolinanino,https://twitter.com/nattymo,,Various impact/Latina-founded,Buen Camino founder; Latina tech investor
Samara Mejia Hernandez,Individual Angel,Consumer / Fintech / LATAM,Pre-Seed to Seed,Chicago / US,Latina / Women,$10K-$100K,Lead,Application,https://chingonventures.com,,https://linkedin.com/in/samaramejia,https://twitter.com/saborkin,,Various Latina-founded,Chingona Ventures co-founder; Latina investor
Brittany Davis,Individual Angel,Consumer / Health / Diverse Founders,Pre-Seed to Seed,Atlanta / US,Black / Women,$10K-$50K,Follow,Warm Intro,,,https://linkedin.com/in/brittanydavis,,,Various diverse-founded,Active Black woman angel in Atlanta ecosystem
Andrea Barrica,Individual Angel,Consumer / Sexual Health / Female,Pre-Seed to Seed,San Francisco / US,Women / Filipina / LGBTQ+,$5K-$50K,Follow,Warm Intro,,,https://linkedin.com/in/andreabarrica,https://twitter.com/abarrica,,Various female/LGBTQ founded,O.school founder; queer Filipina tech investor
Pocket Sun,Individual Angel,Female Founders / Consumer / Health,Pre-Seed to Seed,San Francisco / US,Women / Asian,$10K-$100K,Follow,Application,https://sogalventures.com,,https://linkedin.com/in/pocketsun,https://twitter.com/pocketsun,,Various female-founded global,SoGal Ventures co-founder; youngest VC at fund launch
Clearco (Andrew D'Souza),Syndicate,E-commerce / DTC / SaaS,Pre-Seed to Seed,Toronto / Canada,,$10K-$10M (revenue-based),Follow,Application,https://clear.co,,https://linkedin.com/in/andrewdsouza,https://twitter.com/clearaborkin,,Various e-commerce/DTC,Revenue-based financing; alternative to equity angel
Benjamin Grubbs,Individual Angel,Creator Economy / Media / Consumer,Pre-Seed to Seed,Los Angeles / US,,$10K-$100K,Follow,Warm Intro,,,https://linkedin.com/in/benjamingrubbs,https://twitter.com/baborkin,,Various creator economy,Next 10 Ventures; YouTube/creator economy specialist
Sarah Chen,Individual Angel,Fintech / AI / Enterprise,Pre-Seed to Seed,New York / US,Women / Asian,$10K-$100K,Follow,Warm Intro,,,https://linkedin.com/in/sarahchen,,,Various fintech/AI,Active fintech angel; Beyond The Billion supporter
Tiffany Zhong,Individual Angel,Consumer / Gen Z / Social,Pre-Seed to Seed,San Francisco / US,Women / Asian,$5K-$50K,Follow,Application,,,https://linkedin.com/in/tiffanyzhong,https://twitter.com/taborkin,,Various Gen Z consumer,Zebra IQ founder; youngest VC scout; Gen Z investing thesis
Elizabeth Yin,Individual Angel,SaaS / Consumer / Diverse Founders,Pre-Seed to Seed,San Francisco / US,Women / Asian,$25K-$250K,Lead,Application,https://hustlefund.vc,,https://linkedin.com/in/elizabethyin,https://twitter.com/dunkhippo33,,Various early stage,Hustle Fund co-founder; LaunchBit founder; democratizing VC
Eric Bahn,Individual Angel,Consumer / Fintech / Diverse Founders,Pre-Seed to Seed,San Francisco / US,Asian,$25K-$250K,Lead,Application,https://hustlefund.vc,,https://linkedin.com/in/ericbahn,https://twitter.com/eaborkin,,Various early stage,Hustle Fund co-founder; Beat the GMAT founder
Obi Felten,Individual Angel,Deep Tech / Moonshots / Health,Pre-Seed to Seed,London / UK,Women,$25K-$250K,Follow,Warm Intro,,,https://linkedin.com/in/obifelten,https://twitter.com/obifelten,,Various deep tech,Ex-Google X; deep tech angel; moonshot specialist
Reshma Saujani,Individual Angel,EdTech / Female Founders / Social Impact,Pre-Seed to Seed,New York / US,Women / South Asian,$10K-$100K,Follow,Warm Intro,https://girlswhocode.com,,https://linkedin.com/in/reshmasaujani,https://twitter.com/reshmasaujani,,Various female/EdTech,Girls Who Code founder; Moms First; women in tech advocate
Leila Janah,Individual Angel,Impact / AI / Social Enterprise,Pre-Seed to Seed,San Francisco / US,Women / South Asian,$10K-$100K,Follow,Warm Intro,https://samagroup.org,,https://linkedin.com/in/ljanah,,,Various impact/AI,Sama founder (AI training data); impact investor (posthumous legacy)
Stacy Brown-Philpot,Individual Angel,Consumer / Enterprise / Marketplace,Pre-Seed to Seed,Oakland / US,Black / Women,$25K-$250K,Follow,Warm Intro,,,https://linkedin.com/in/stacybrownphilpot,https://twitter.com/saborkin,,Various consumer/marketplace,Ex-TaskRabbit CEO; SoftBank board; active operator angel
Wayne Chang,Individual Angel,Consumer / Crypto / Social,Pre-Seed to Seed,San Francisco / US,Asian,$10K-$100K,Follow,Warm Intro,,,https://linkedin.com/in/waynechang,https://twitter.com/wayne,,Various consumer/crypto,Serial entrepreneur; Crashlytics; active angel
Paul Buccheit,Individual Angel,Consumer / AI / Developer Tools,Pre-Seed to Seed,San Francisco / US,,$25K-$250K,Follow,Warm Intro,,,https://linkedin.com/in/paulbuccheit,https://twitter.com/paborkin,,Various YC companies,Gmail creator; FriendFeed; YC Group Partner
Jessica Livingston,Individual Angel,Tech / Consumer / Enterprise,Pre-Seed to Seed,San Francisco / US,Women,$10K-$100K,Follow,Warm Intro,https://ycombinator.com,,https://linkedin.com/in/jessicalivingston,https://twitter.com/jessicaborkin,,Various YC companies,YC co-founder; Founders at Work author
Brad Feld,Individual Angel,Tech / Enterprise / SaaS,Seed to Series A,Boulder / US,,$25K-$500K,Lead,Warm Intro,https://foundrygroup.com,,https://linkedin.com/in/bfeld,https://twitter.com/bfeld,,Fitbit / Harmonix / MakerBot / Zynga,Foundry Group / Techstars co-founder; Boulder ecosystem builder
David Cohen,Individual Angel,Tech / Diverse Sectors,Pre-Seed to Seed,Boulder / US,,$10K-$250K,Follow,Application via Techstars,https://techstars.com,,https://linkedin.com/in/davidgcohen,https://twitter.com/daborkin,,Various Techstars portfolio,Techstars co-founder; accelerator pioneer
Kanyi Maqubela,Individual Angel,Consumer / Health / Impact,Pre-Seed to Seed,San Francisco / US,Black,$25K-$250K,Lead,Application,https://kindredvc.com,,https://linkedin.com/in/kanyimaqubela,https://twitter.com/kaborkin,,Various impact/consumer,Kindred Ventures GP; ex-Collaborative Fund
Ben Casnocha,Individual Angel,Enterprise / Consumer / Books,Pre-Seed to Seed,San Francisco / US,,$10K-$100K,Follow,Warm Intro,,,https://linkedin.com/in/casnocha,https://twitter.com/baborkin,,Various startups,Village Global co-founder; co-author with Reid Hoffman
Chris Yeh,Individual Angel,Enterprise / Consumer / Growth,Pre-Seed to Seed,San Francisco / US,Asian,$10K-$100K,Follow,Warm Intro,,,https://linkedin.com/in/chrisyeh,https://twitter.com/chrisyeh,,Various startups,Blitzscaling co-author with Reid Hoffman; Wasabi Ventures
Caterina Fake,Individual Angel,Consumer / Social / AI,Pre-Seed to Seed,San Francisco / US,Women,$25K-$250K,Follow,Warm Intro,https://yesvc.com,,https://linkedin.com/in/caterinafake,https://twitter.com/caterina,,Etsy / Kickstarter / various,Flickr co-founder; Yes VC founder
Stewart Butterfield,Individual Angel,Enterprise / Consumer / Gaming,Pre-Seed to Seed,San Francisco / US,,$25K-$500K,Follow,Warm Intro,,,https://linkedin.com/in/saborkin,https://twitter.com/stewart,,Various enterprise/consumer,Slack/Flickr co-founder; active angel post-Salesforce acquisition
Tony Fadell,Individual Angel,Hardware / IoT / Climate,Pre-Seed to Seed,Paris / Global,,$50K-$500K,Follow,Warm Intro,https://futuresha.pe,,https://linkedin.com/in/tonyfadell,https://twitter.com/tfadell,,Various hardware/climate,iPod/Nest inventor; Build author; Future Shape investment firm
Biz Stone,Individual Angel,Consumer / Social / Media,Pre-Seed to Seed,San Francisco / US,,$25K-$250K,Follow,Warm Intro,,,https://linkedin.com/in/bizstone,https://twitter.com/biz,,Various consumer/social,Twitter co-founder; Medium co-founder
Mike Krieger,Individual Angel,Consumer / Social / Design,Pre-Seed to Seed,San Francisco / US,,$25K-$250K,Follow,Warm Intro,,,https://linkedin.com/in/mikekrieger,https://twitter.com/mikekrieger,,Various consumer/design,Instagram co-founder; design-focused angel
Kevin Systrom,Individual Angel,Consumer / Social / AI,Pre-Seed to Seed,San Francisco / US,,$50K-$500K,Follow,Warm Intro,,,https://linkedin.com/in/kevinsystrom,https://twitter.com/kevin,,Various consumer/AI,Instagram co-founder; active post-Meta angel
Jan Koum,Individual Angel,Consumer / Privacy / Messaging,Seed to Series A,San Francisco / US,,$100K-$5M,Follow,Warm Intro,,,https://linkedin.com/in/jankoum,,,Various consumer/privacy,WhatsApp co-founder; privacy-focused investor
Dustin Moskovitz,Individual Angel,Enterprise / Productivity / Impact,Seed to Series A,San Francisco / US,,$100K-$5M,Follow,Warm Intro,https://openphilanthropy.org,,https://linkedin.com/in/dustinmoskovitz,https://twitter.com/moskov,,Various enterprise/impact,Facebook co-founder; Asana co-founder; Open Philanthropy
Sheryl Sandberg,Individual Angel,Consumer / Enterprise / Female Founders,Pre-Seed to Seed,Menlo Park / US,Women,$50K-$500K,Follow,Warm Intro,,,https://linkedin.com/in/sherylsandberg,https://twitter.com/sherylsandberg,,Various female-founded,Ex-Meta COO; Lean In author; women in tech champion
Hosain Rahman,Individual Angel,Hardware / IoT / Health,Pre-Seed to Seed,San Francisco / US,,$10K-$100K,Follow,Warm Intro,,,https://linkedin.com/in/hosainrahman,,,Various hardware/health,Jawbone founder; hardware angel
Justin Waldron,Individual Angel,Gaming / Consumer / Social,Pre-Seed to Seed,San Francisco / US,,$10K-$100K,Follow,Warm Intro,,,https://linkedin.com/in/justinwaldron,,,Various gaming/consumer,Zynga co-founder; gaming angel
Mark Pincus,Individual Angel,Gaming / Consumer / Social,Seed to Series A,San Francisco / US,,$50K-$500K,Follow,Warm Intro,,,https://linkedin.com/in/markpincus,https://twitter.com/markpincus,,Various consumer/gaming,Zynga founder; Reinvent Technology Partners
Othman Laraki,Individual Angel,Health / AI / Consumer,Pre-Seed to Seed,San Francisco / US,,$25K-$250K,Follow,Warm Intro,,,https://linkedin.com/in/othmanlaraki,https://twitter.com/othmanlaraki,,Various health/AI,Color Genomics co-founder; ex-Twitter/Google
Alfred Lin,Individual Angel,Consumer / Enterprise / Marketplace,Seed to Series A,San Francisco / US,Asian,$50K-$500K,Lead,Warm Intro,https://sequoiacap.com,,https://linkedin.com/in/alin,,,Airbnb / DoorDash / Houzz,Sequoia Capital partner; ex-Zappos COO/CFO
Cyan Banister (Long Journey Ventures),Individual Angel,Frontier Tech / AI / Consumer,Pre-Seed to Seed,US,Women,$25K-$250K,Both,Warm Intro,https://longjourney.vc,,https://linkedin.com/in/cyanbanister,https://twitter.com/cyantist,,SpaceX / Uber / Niantic,Long Journey Ventures; former Founders Fund; immigrant founder
Howard Morgan,Individual Angel,Tech / Enterprise / AI,Pre-Seed to Seed,New York / US,,$25K-$250K,Lead,Application,https://brventures.com,,https://linkedin.com/in/howardmorgan,,,Various B|R Ventures,B|R Ventures co-founder; First Round Capital co-founder
Josh Kopelman,Individual Angel,Consumer / Enterprise / Marketplace,Seed to Series A,Philadelphia / US,,$50K-$500K,Lead,Warm Intro,https://firstround.com,,https://linkedin.com/in/jkopelman,https://twitter.com/joshk,,Uber / Square / Roblox / Notion,First Round Capital founder; Half.com founder
Howard Lindzon,Individual Angel,Fintech / Social / Consumer,Pre-Seed to Seed,San Diego / US,,$10K-$100K,Follow,Application,https://socialleverage.com,,https://linkedin.com/in/howardlindzon,https://twitter.com/howardlindzon,,Robinhood / StockTwits / various fintech,Social Leverage founder; StockTwits co-founder; fintech angel
Dave McClure,Individual Angel,Consumer / Global / Diverse Founders,Pre-Seed to Seed,San Francisco / US,,$25K-$250K,Follow,Application,https://500.co,,https://linkedin.com/in/davemcclure,https://twitter.com/davemcclure,,Various 500 Global portfolio,500 Global founding partner; global ecosystem builder
Josh Felser,Individual Angel,Enterprise / Consumer / Cannabis,Pre-Seed to Seed,San Francisco / US,,$10K-$100K,Follow,Application,https://freestyle.vc,,https://linkedin.com/in/joshfelser,https://twitter.com/josaborkin,,Various Freestyle portfolio,Freestyle VC co-founder; Spinner.com founder
Andy Weissman,Individual Angel,Consumer / Web3 / Developer,Pre-Seed to Seed,New York / US,,$25K-$250K,Follow,Warm Intro,https://usv.com,,https://linkedin.com/in/andyweissman,https://twitter.com/aweissman,,Various USV portfolio,Union Square Ventures partner
Fred Wilson,Individual Angel,Consumer / Enterprise / Crypto,Seed to Series A,New York / US,,$50K-$500K,Lead,Warm Intro,https://usv.com,,https://linkedin.com/in/fredwilson,https://twitter.com/fredwilson,,Twitter / Tumblr / Etsy / Coinbase / MongoDB,Union Square Ventures co-founder; AVC blog
Albert Wenger,Individual Angel,Deep Tech / AI / Climate,Seed to Series A,New York / US,,$25K-$500K,Follow,Warm Intro,https://usv.com,,https://linkedin.com/in/albertwenger,https://twitter.com/albertwenger,,Various USV portfolio,USV managing partner; World After Capital author
Brad Burnham,Individual Angel,Enterprise / Infrastructure / Web3,Seed to Series A,New York / US,,$25K-$500K,Follow,Warm Intro,https://usv.com,,https://linkedin.com/in/bradburnham,,,Various USV portfolio,USV co-founder
Miriam Rivera,Individual Angel,Enterprise / SaaS / Diverse Founders,Pre-Seed to Seed,Palo Alto / US,Latina / Women,$25K-$250K,Lead,Application,https://uluventures.com,,https://linkedin.com/in/miriamrivera,https://twitter.com/maborkin,,Various diverse-founded,Ulu Ventures co-founder; Stanford lecturer; Latina VC pioneer
Marcos Gonzalez,Individual Angel,Consumer / Enterprise / LatAm,Pre-Seed to Seed,Austin / US,Latino,$10K-$100K,Follow,Application,https://latinxvcfund.com,,https://linkedin.com/in/marcosgonzalez,https://twitter.com/maborkin,,Various Latinx-founded,LatinX VC Fund founder; champion of Latinx entrepreneurs
Jesse Draper,Individual Angel,Consumer / Female Founders / DTC,Pre-Seed to Seed,Los Angeles / US,Women,$25K-$250K,Lead,Application,https://halogenventures.com,,https://linkedin.com/in/jessedraper,https://twitter.com/jessedraper,,Highlight / The Skimm / various,Halogen Ventures founder; Valley Girl show host
Sean O'Sullivan,Individual Angel,Tech / Enterprise / AI,Pre-Seed to Seed,Princeton / US,,$25K-$250K,Lead,Application,https://sosventures.com,,https://linkedin.com/in/soaborkin,https://twitter.com/saborkin,,Various deep tech,SOSventures founder; HAX accelerator
Betsy Atkins,Individual Angel,Enterprise / SaaS / Board Governance,Pre-Seed to Seed,US,Women,$25K-$250K,Follow,Warm Intro,,,https://linkedin.com/in/betsyatkins,https://twitter.com/betsyatkins,,Various enterprise,Serial board director; corporate governance expert angel
Hans Tung,Individual Angel,Consumer / Enterprise / Global,Seed to Series A,San Francisco / US / Asia,Asian,$50K-$500K,Lead,Warm Intro,https://ggvc.com,,https://linkedin.com/in/hanstung,https://twitter.com/hanstung,,Airbnb / Xiaomi / Wish / Poshmark,GGV Capital managing partner; US-Asia bridge investor
Jenny Lee,Individual Angel,Enterprise / Deep Tech / Asia,Seed to Series A,Singapore / Asia,Women / Asian,$50K-$500K,Lead,Warm Intro,https://ggvc.com,,https://linkedin.com/in/jaborkin,,,Various Asian tech,GGV Capital managing partner; Forbes Midas List
Edith Yeung,Individual Angel,Mobile / China / AI,Pre-Seed to Seed,San Francisco / Asia,Women / Asian,$10K-$100K,Follow,Application,,,https://linkedin.com/in/edithyeung,https://twitter.com/edithyeung,,Various China/US cross-border,Race Capital partner; China-US tech bridge; 500+ angel deals
Ruben Harris,Individual Angel,Consumer / EdTech / Diverse Founders,Pre-Seed to Seed,San Francisco / US,Black,$10K-$50K,Follow,Warm Intro,,,https://linkedin.com/in/rubenharris,https://twitter.com/ruaborkin,,Various diverse-founded,Career Karma founder; Breaking Into Startups podcast
Daymond John,Individual Angel,Consumer / Fashion / DTC,Pre-Seed to Seed,New York / US,Black,$25K-$500K,Follow,Application via Shark Tank,https://daymondjohn.com,,https://linkedin.com/in/daymondjohn,https://twitter.com/TheSharkDaymond,,Various Shark Tank deals / FUBU,FUBU founder; Shark Tank investor
Robert Herjavec,Individual Angel,Cybersecurity / Enterprise / Tech,Pre-Seed to Seed,Toronto / US,,$25K-$500K,Follow,Application via Shark Tank,https://herjavecgroup.com,,https://linkedin.com/in/robertherjavec,https://twitter.com/robertherjavec,,Various Shark Tank deals,Herjavec Group founder; Shark Tank investor
Lori Greiner,Individual Angel,Consumer / DTC / Retail,Pre-Seed to Seed,Chicago / US,Women,$25K-$500K,Follow,Application via Shark Tank,https://lorigreiner.com,,https://linkedin.com/in/lorigreiner,https://twitter.com/LoriGreiner,,Scrub Daddy / Squatty Potty / various,Queen of QVC; Shark Tank; 120+ patents
Barbara Corcoran,Individual Angel,Consumer / Real Estate / DTC,Pre-Seed to Seed,New York / US,Women,$25K-$250K,Follow,Application via Shark Tank,https://barbaracorcoran.com,,https://linkedin.com/in/barbaracorcoran,https://twitter.com/BarbaraCorcoran,,Various Shark Tank deals,Corcoran Group founder; Shark Tank investor
Kevin O'Leary (Mr. Wonderful),Individual Angel,Consumer / Fintech / DTC,Pre-Seed to Seed,Toronto / US,,$25K-$500K,Follow,Application via Shark Tank,https://kevinoleary.com,,https://linkedin.com/in/kevinoleary,https://twitter.com/kevinoleary,,Various Shark Tank deals,O'Leary Financial Group; Shark Tank; royalty deal specialist
PropTech Angel Syndicate,Syndicate,Real Estate Tech / PropTech / Construction,Pre-Seed to Seed,US,,$1K-$25K (per LP),,AngelList,https://angellist.com,,,,,Various proptech startups,Real estate technology focused syndicate
Foodtech Angels Syndicate,Syndicate,FoodTech / AgTech / CPG,Pre-Seed to Seed,US / Europe,,$1K-$25K (per LP),,AngelList,https://angellist.com,,,,,Various food/ag tech,Food and agriculture technology syndicate
How Women Invest,Angel Group,Technology / Consumer / Climate,Pre-Seed / Seed,US,Yes — Female founders and women investors,$100K–$500K,Follow,Open Application,https://www.howwomeninvest.com,,https://www.linkedin.com/company/how-women-invest,,,Various women-founded startups,Empowering women investors and backing female founders
