Name,Program,Date,Location (City/Virtual),Sector Focus,How to Attend,Website,Twitter,YouTube,LinkedIn,Notes
YC Demo Day W26,Y Combinator,March 2026,San Francisco / Virtual,Open / Technology,Invite-only (investors),https://www.ycombinator.com/demoday,https://twitter.com/ycombinator,https://www.youtube.com/@ycombinator,https://www.linkedin.com/company/y-combinator/,Largest and most prestigious demo day; W26 batch
YC Demo Day S26,Y Combinator,August 2026,San Francisco / Virtual,Open / Technology,Invite-only (investors),https://www.ycombinator.com/demoday,https://twitter.com/ycombinator,https://www.youtube.com/@ycombinator,https://www.linkedin.com/company/y-combinator/,S26 summer batch
Techstars Boulder Demo Day,Techstars,March 2026,"Boulder, CO / Virtual",Open / Technology,Apply for invite via website,https://www.techstars.com/demo-days,https://twitter.com/techstars,https://www.youtube.com/@Techstars,https://www.linkedin.com/company/techstars/,Techstars flagship program
Techstars NYC Demo Day,Techstars,April 2026,"New York City, NY / Virtual",Open / Technology,Apply for invite via website,https://www.techstars.com/demo-days,https://twitter.com/techstars,https://www.youtube.com/@Techstars,https://www.linkedin.com/company/techstars/,New York cohort
Techstars London Demo Day,Techstars,June 2026,"London, UK / Virtual",Open / Technology,Apply for invite via website,https://www.techstars.com/demo-days,https://twitter.com/techstars,https://www.youtube.com/@Techstars,https://www.linkedin.com/company/techstars/,London cohort
Techstars Toronto Demo Day,Techstars,May 2026,"Toronto, Canada / Virtual",Open / Technology,Apply for invite via website,https://www.techstars.com/demo-days,https://twitter.com/techstars,https://www.youtube.com/@Techstars,https://www.linkedin.com/company/techstars/,Toronto cohort
Techstars Berlin Demo Day,Techstars,July 2026,"Berlin, Germany / Virtual",Open / Technology,Apply for invite via website,https://www.techstars.com/demo-days,https://twitter.com/techstars,https://www.youtube.com/@Techstars,https://www.linkedin.com/company/techstars/,Berlin cohort
Techstars India Demo Day,Techstars,September 2026,"Bangalore, India / Virtual",Open / Technology,Apply for invite via website,https://www.techstars.com/demo-days,https://twitter.com/techstars,https://www.youtube.com/@Techstars,https://www.linkedin.com/company/techstars/,India cohort
500 Global Demo Day (Batch 34),500 Global,April 2026,San Francisco / Virtual,Open / Technology,Invite-only (accredited investors),https://500.co/accelerator,https://twitter.com/500Global,https://www.youtube.com/@500startups,https://www.linkedin.com/company/500global/,Renamed from 500 Startups
500 Global Demo Day (Batch 35),500 Global,October 2026,San Francisco / Virtual,Open / Technology,Invite-only (accredited investors),https://500.co/accelerator,https://twitter.com/500Global,https://www.youtube.com/@500startups,https://www.linkedin.com/company/500global/,Fall batch
Antler Demo Day - Singapore,Antler,March 2026,Singapore / Virtual,Open / Technology,Register via website,https://www.antler.co/events,https://twitter.com/AntlerGlobal,https://www.youtube.com/@AntlerGlobal,https://www.linkedin.com/company/antler/,Southeast Asia cohort
Antler Demo Day - London,Antler,May 2026,"London, UK / Virtual",Open / Technology,Register via website,https://www.antler.co/events,https://twitter.com/AntlerGlobal,https://www.youtube.com/@AntlerGlobal,https://www.linkedin.com/company/antler/,UK cohort
Antler Demo Day - Berlin,Antler,April 2026,"Berlin, Germany / Virtual",Open / Technology,Register via website,https://www.antler.co/events,https://twitter.com/AntlerGlobal,https://www.youtube.com/@AntlerGlobal,https://www.linkedin.com/company/antler/,DACH region cohort
Antler Demo Day - Sydney,Antler,June 2026,"Sydney, Australia / Virtual",Open / Technology,Register via website,https://www.antler.co/events,https://twitter.com/AntlerGlobal,https://www.youtube.com/@AntlerGlobal,https://www.linkedin.com/company/antler/,Australia cohort
Antler Demo Day - Nairobi,Antler,July 2026,"Nairobi, Kenya / Virtual",Open / Technology,Register via website,https://www.antler.co/events,https://twitter.com/AntlerGlobal,https://www.youtube.com/@AntlerGlobal,https://www.linkedin.com/company/antler/,East Africa cohort
Antler Demo Day - Stockholm,Antler,May 2026,"Stockholm, Sweden / Virtual",Open / Technology,Register via website,https://www.antler.co/events,https://twitter.com/AntlerGlobal,https://www.youtube.com/@AntlerGlobal,https://www.linkedin.com/company/antler/,Nordics cohort
Plug and Play Demo Day - Winter,Plug and Play Tech Center,March 2026,"Sunnyvale, CA / Virtual",Multi-sector,Register via website,https://www.plugandplaytechcenter.com,https://twitter.com/PlugandPlayTC,https://www.youtube.com/@PlugandPlayTechCenter,https://www.linkedin.com/company/plug-and-play-tech-center/,Multiple vertical tracks
Plug and Play Demo Day - Summer,Plug and Play Tech Center,July 2026,"Sunnyvale, CA / Virtual",Multi-sector,Register via website,https://www.plugandplaytechcenter.com,https://twitter.com/PlugandPlayTC,https://www.youtube.com/@PlugandPlayTechCenter,https://www.linkedin.com/company/plug-and-play-tech-center/,Multiple vertical tracks
Plug and Play Demo Day - Fall,Plug and Play Tech Center,November 2026,"Sunnyvale, CA / Virtual",Multi-sector,Register via website,https://www.plugandplaytechcenter.com,https://twitter.com/PlugandPlayTC,https://www.youtube.com/@PlugandPlayTechCenter,https://www.linkedin.com/company/plug-and-play-tech-center/,Multiple vertical tracks
MassChallenge Boston Demo Day,MassChallenge,October 2026,"Boston, MA",Open / High-Impact,Open to public (register),https://masschallenge.org,https://twitter.com/masschallenge,https://www.youtube.com/@MassChallenge,https://www.linkedin.com/company/masschallenge/,Zero-equity accelerator
MassChallenge Israel Demo Day,MassChallenge,September 2026,"Jerusalem, Israel",Open / High-Impact,Open to public (register),https://masschallenge.org/programs-israel,https://twitter.com/masschallenge,https://www.youtube.com/@MassChallenge,https://www.linkedin.com/company/masschallenge/,Israel cohort
MassChallenge Switzerland Demo Day,MassChallenge,October 2026,"Lausanne, Switzerland",Open / High-Impact,Open to public (register),https://masschallenge.org/programs-switzerland,https://twitter.com/masschallenge,https://www.youtube.com/@MassChallenge,https://www.linkedin.com/company/masschallenge/,Switzerland cohort
MassChallenge Mexico Demo Day,MassChallenge,November 2026,"Mexico City, Mexico",Open / High-Impact,Open to public (register),https://masschallenge.org/programs-mexico,https://twitter.com/masschallenge,https://www.youtube.com/@MassChallenge,https://www.linkedin.com/company/masschallenge/,Mexico cohort
Alchemist Accelerator Demo Day,Alchemist Accelerator,May 2026,"San Francisco, CA",Enterprise / B2B,Invite-only (investors),https://alchemistaccelerator.com,https://twitter.com/alchemistaccelerator,https://www.youtube.com/@AlchemistAccelerator,https://www.linkedin.com/company/alchemist-accelerator/,Premier enterprise-focused accelerator
Alchemist Accelerator Demo Day (Fall),Alchemist Accelerator,November 2026,"San Francisco, CA",Enterprise / B2B,Invite-only (investors),https://alchemistaccelerator.com,https://twitter.com/alchemistaccelerator,https://www.youtube.com/@AlchemistAccelerator,https://www.linkedin.com/company/alchemist-accelerator/,Fall cohort
Seedcamp Demo Day,Seedcamp,June 2026,"London, UK",Open / Technology,Invite-only,https://seedcamp.com,https://twitter.com/seedcamp,https://www.youtube.com/@seedcamp,https://www.linkedin.com/company/seedcamp/,Leading European pre-seed fund
Startupbootcamp Demo Day - FinTech,Startupbootcamp,May 2026,"London, UK / Virtual",FinTech,Register via website,https://www.startupbootcamp.org,https://twitter.com/sbc_,https://www.youtube.com/@Startupbootcamp,https://www.linkedin.com/company/startupbootcamp/,FinTech vertical
Startupbootcamp Demo Day - Smart City,Startupbootcamp,June 2026,"Amsterdam, Netherlands",Smart City / IoT,Register via website,https://www.startupbootcamp.org,https://twitter.com/sbc_,https://www.youtube.com/@Startupbootcamp,https://www.linkedin.com/company/startupbootcamp/,Smart city vertical
HAX Demo Day,HAX (SOSV),April 2026,"Shenzhen, China / Virtual",Hardware / Deep Tech,Invite-only,https://hax.co,https://twitter.com/haxlr8r,https://www.youtube.com/@HAX,https://www.linkedin.com/company/haboraxlr8r/,Worlds first and largest hardware accelerator
IndieBio Demo Day (SF),IndieBio (SOSV),June 2026,"San Francisco, CA",Biotech / Life Sciences,Invite-only (investors),https://indiebio.co,https://twitter.com/IndieBio,https://www.youtube.com/@IndieBio,https://www.linkedin.com/company/indiebio/,Leading biotech accelerator
IndieBio Demo Day (NYC),IndieBio (SOSV),November 2026,"New York City, NY",Biotech / Life Sciences,Invite-only (investors),https://indiebio.co,https://twitter.com/IndieBio,https://www.youtube.com/@IndieBio,https://www.linkedin.com/company/indiebio/,NYC cohort
Chinaccelerator Demo Day,SOSV,September 2026,"Shanghai, China / Virtual",Cross-border / China,Invite-only,https://chinaccelerator.com,https://twitter.com/chinaccelerator,,https://www.linkedin.com/company/chinaccelerator/,Focus on China market entry
Entrepreneur First Demo Day - London,Entrepreneur First,April 2026,"London, UK",Deep Tech / Technology,Invite-only,https://www.joinef.com,https://twitter.com/join_ef,https://www.youtube.com/@EntrepreneurFirst,https://www.linkedin.com/company/entrepreneur-first/,Pre-team company builder
Entrepreneur First Demo Day - Singapore,Entrepreneur First,May 2026,Singapore,Deep Tech / Technology,Invite-only,https://www.joinef.com,https://twitter.com/join_ef,https://www.youtube.com/@EntrepreneurFirst,https://www.linkedin.com/company/entrepreneur-first/,Singapore cohort
Entrepreneur First Demo Day - Berlin,Entrepreneur First,June 2026,"Berlin, Germany",Deep Tech / Technology,Invite-only,https://www.joinef.com,https://twitter.com/join_ef,https://www.youtube.com/@EntrepreneurFirst,https://www.linkedin.com/company/entrepreneur-first/,Berlin cohort
Entrepreneur First Demo Day - Bangalore,Entrepreneur First,July 2026,"Bangalore, India",Deep Tech / Technology,Invite-only,https://www.joinef.com,https://twitter.com/join_ef,https://www.youtube.com/@EntrepreneurFirst,https://www.linkedin.com/company/entrepreneur-first/,India cohort
Startup Chile Demo Day,Startup Chile (CORFO),June 2026,"Santiago, Chile",Open / Technology,Open to public (register),https://startupchile.org,https://twitter.com/startupchile,https://www.youtube.com/@StartUpChile,https://www.linkedin.com/company/start-up-chile/,Government-backed Latin American accelerator
Founders Factory Demo Day,Founders Factory,May 2026,"London, UK",Open / Multi-sector,Invite-only,https://foundersfactory.com,https://twitter.com/foundersfactory,https://www.youtube.com/@FoundersFactory,https://www.linkedin.com/company/founders-factory/,Corporate-backed accelerator
Creative Destruction Lab (CDL) Super Session,Creative Destruction Lab,June 2026,"Toronto, Canada",Science / Deep Tech,Application required,https://www.creativedestructionlab.com,https://twitter.com/CDL_Global,https://www.youtube.com/@CreativeDestructionLab,https://www.linkedin.com/company/creative-destruction-lab/,Annual showcase of CDL ventures
SOSV Climate Tech Demo Day,SOSV,September 2026,Virtual,Climate Tech,Register via website,https://sosv.com/climate-tech,https://twitter.com/SOSV,https://www.youtube.com/@SOSVvc,https://www.linkedin.com/company/sosv/,Focus on climate and sustainability
Betaworks Demo Day,Betaworks,October 2026,"New York City, NY",Consumer Tech / AI,Invite-only,https://betaworks.com,https://twitter.com/betaworks,,https://www.linkedin.com/company/betaworks/,NYC-based builder and accelerator
Techstars Farm to Fork Demo Day,Techstars,August 2026,Virtual,AgTech / Food,Apply for invite via website,https://www.techstars.com/accelerators/farm-to-fork,https://twitter.com/techstars,https://www.youtube.com/@Techstars,https://www.linkedin.com/company/techstars/,Agriculture and food technology
Techstars Sustainability Demo Day,Techstars,September 2026,Virtual,Sustainability / Climate,Apply for invite via website,https://www.techstars.com/demo-days,https://twitter.com/techstars,https://www.youtube.com/@Techstars,https://www.linkedin.com/company/techstars/,Climate and sustainability track
Imagine H2O Demo Day,Imagine H2O,June 2026,San Francisco / Virtual,Water / CleanTech,Register via website,https://www.imagineh2o.org,https://twitter.com/imagineh2o,,https://www.linkedin.com/company/imagine-h2o/,Water innovation accelerator
Flat6Labs Demo Day - Cairo,Flat6Labs,April 2026,"Cairo, Egypt",Open / Technology,Register via website,https://flat6labs.com,https://twitter.com/flat6labs,https://www.youtube.com/@Flat6Labs,https://www.linkedin.com/company/flat6labs/,Leading MENA accelerator
Flat6Labs Demo Day - Riyadh,Flat6Labs,October 2026,"Riyadh, Saudi Arabia",Open / Technology,Register via website,https://flat6labs.com,https://twitter.com/flat6labs,https://www.youtube.com/@Flat6Labs,https://www.linkedin.com/company/flat6labs/,Saudi Arabia cohort
Rockstart Demo Day - Energy,Rockstart,May 2026,"Amsterdam, Netherlands",Energy / CleanTech,Register via website,https://www.rockstart.com,https://twitter.com/rockstart,https://www.youtube.com/@Rockstart,https://www.linkedin.com/company/rockstart/,European impact-driven accelerator
STATION F Demo Day,STATION F,June 2026,"Paris, France",Open / Technology,Invite-only,https://stationf.co,https://twitter.com/joinstationf,https://www.youtube.com/@STATIONF,https://www.linkedin.com/company/station-f/,Worlds largest startup campus
Wayra Demo Day,Wayra (Telefonica),September 2026,"Madrid, Spain / Virtual",Open / Telecom / Technology,Invite-only,https://www.wayra.com,https://twitter.com/Wayra,https://www.youtube.com/@Wayra,https://www.linkedin.com/company/wayra/,Corporate accelerator by Telefonica
Microsoft for Startups Demo Day,Microsoft for Startups,October 2026,Virtual,Open / Technology,Register via website,https://www.microsoft.com/en-us/startups,https://twitter.com/MicrosoftSU,,https://www.linkedin.com/company/microsoft-for-startups/,Cloud credits + mentorship program
Google for Startups Demo Day,Google for Startups,November 2026,Virtual / Various,Open / Technology,Register via website,https://startup.google.com,https://twitter.com/GoogleStartups,https://www.youtube.com/@GoogleforStartups,https://www.linkedin.com/company/google-for-startups/,Multiple regional demo days
AWS Startup Loft Demo Day,Amazon Web Services,September 2026,Virtual,Cloud / Technology,Register via website,https://aws.amazon.com/startups,https://twitter.com/awsstartups,https://www.youtube.com/@AWSStartups,https://www.linkedin.com/company/amazon-web-services/,Cloud-focused startup showcase
Newchip Demo Day,Newchip,Quarterly 2026,Virtual,Open / Technology,Register via website,https://launch.newchip.com,,,,Virtual accelerator; quarterly cohorts
Lair East Labs Demo Day,Lair East Labs,May 2026,"New York City, NY",Open / Technology,Invite-only,https://www.laireastlabs.com,,,,NYC pre-seed accelerator
