Name,Date,Location,Type (Conference/Summit/Pitch/Networking),Sector Focus,Cost,Website,Register URL,Twitter,YouTube,LinkedIn,Notes
CES 2026,January 6-9 2026,"Las Vegas, NV, USA",Conference,Consumer Electronics / Technology,$300-$500,https://www.ces.tech,https://www.ces.tech/register,https://twitter.com/CES,https://www.youtube.com/@CES,https://www.linkedin.com/company/consumer-electronics-association/,Worlds largest consumer electronics show
Startup Grind Global Conference,February 2026,"Silicon Valley, CA, USA",Conference,Startups / Technology,"$500-$1,500",https://www.startupgrind.com/conference,https://www.startupgrind.com/conference/#tickets,https://twitter.com/StartupGrind,https://www.youtube.com/@StartupGrind,https://www.linkedin.com/company/startup-grind/,Annual global startup community event
SXSW (South by Southwest),March 7-15 2026,"Austin, TX, USA",Conference,Technology / Media / Culture,"$800-$1,900",https://www.sxsw.com,https://www.sxsw.com/attend,https://twitter.com/sxsw,https://www.youtube.com/@SXSW,https://www.linkedin.com/company/sxsw/,Includes startup pitch competition
Mobile World Congress (MWC),March 2-5 2026,"Barcelona, Spain",Conference,Mobile / Telecom / 5G,"€800-€1,200",https://www.mwcbarcelona.com,https://www.mwcbarcelona.com/attend,https://twitter.com/ABORGSMA,https://www.youtube.com/@GSMAOnline,https://www.linkedin.com/company/gsma/,Largest mobile industry conference
Founders Forum,March 2026,"London, UK",Summit,Technology / Venture Capital,Invite-only,https://foundersforum.eu,https://foundersforum.eu/apply,https://twitter.com/FoundersForum,,https://www.linkedin.com/company/founders-forum/,Curated invite-only tech leader summit
SaaStr Annual 2026,May 2026,"San Francisco, CA, USA",Conference,SaaS / Cloud / B2B,"$500-$2,000",https://www.saastrannual.com,https://www.saastrannual.com/register,https://twitter.com/saboraastr,https://www.youtube.com/@SaaStr,https://www.linkedin.com/company/saastr/,Largest SaaS conference globally
Collision Conference,June 2026,"Toronto, Canada",Conference,Technology / Startups,"$500-$1,200",https://collisionconf.com,https://collisionconf.com/tickets,https://twitter.com/CollisionConf,https://www.youtube.com/@CollisionConf,https://www.linkedin.com/company/collisionconf/,Sister event of Web Summit; North America
VivaTech,June 2026,"Paris, France",Conference,Technology / Innovation,€100-€500,https://vivatechnology.com,https://vivatechnology.com/tickets,https://twitter.com/viaborvatech,https://www.youtube.com/@VivaTechnology,https://www.linkedin.com/company/vivatechnology/,Europes biggest startup and tech event
London Tech Week,June 2026,"London, UK",Conference,Technology / Innovation,Free-£500,https://londontechweek.com,https://londontechweek.com/register,https://twitter.com/LDNTechWeek,https://www.youtube.com/@LondonTechWeek,https://www.linkedin.com/company/london-tech-week/,Week-long festival of tech events
SuperReturn International,June 2026,"Berlin, Germany",Conference,Private Equity / Venture Capital,"€3,000-€5,000",https://informaconnect.com/superreturn-international,https://informaconnect.com/superreturn-international/register,https://twitter.com/SuperReturn,,https://www.linkedin.com/company/superreturn/,Premier PE/VC industry conference
SelectUSA Investment Summit,June 2026,"Washington DC, USA",Summit,Foreign Direct Investment / Trade,Free (government-hosted),https://www.selectusa.gov/selectusa-summit,https://www.selectusa.gov/selectusa-summit/register,https://twitter.com/SelectUSA,,https://www.linkedin.com/company/selectusa/,US government investment attraction event
Rise Conference,March 2026,"Hong Kong, China",Conference,Technology / Startups,$300-$800,https://riseconf.com,https://riseconf.com/tickets,https://twitter.com/riseaborconf,https://www.youtube.com/@RiseConf,https://www.linkedin.com/company/riseconf/,Web Summit Asia event
Startup World Cup Grand Finale,September 2026,"San Francisco, CA, USA",Pitch,Startups / Technology,Varies,https://www.startupworldcup.io,https://www.startupworldcup.io/register,https://twitter.com/startupworldcup,https://www.youtube.com/@StartupWorldCup,https://www.linkedin.com/company/startup-world-cup/,$1M investment prize
TechCrunch Disrupt 2026,October 2026,"San Francisco, CA, USA",Conference,Technology / Startups,"$1,000-$2,500",https://techcrunch.com/events/disrupt,https://techcrunch.com/events/disrupt/tickets,https://twitter.com/TechCrunch,https://www.youtube.com/@TechCrunch,https://www.linkedin.com/company/techcrunch/,Includes Startup Battlefield pitch competition
Web Summit 2026,November 2026,"Lisbon, Portugal",Conference,Technology / Startups,"€700-€2,500",https://websummit.com,https://websummit.com/tickets,https://twitter.com/WebSummit,https://www.youtube.com/@WebSummit,https://www.linkedin.com/company/websummit/,One of the worlds largest tech conferences; 70K+ attendees
Slush 2026,November 2026,"Helsinki, Finland",Conference,Technology / Startups,"€500-€1,200",https://slush.org,https://slush.org/tickets,https://twitter.com/SlushHQ,https://www.youtube.com/@SlushHQ,https://www.linkedin.com/company/slush/,Leading Nordic startup event; known for atmosphere
Money20/20 USA,October 2026,"Las Vegas, NV, USA",Conference,FinTech / Payments,"$2,000-$4,000",https://us.money2020.com,https://us.money2020.com/register,https://twitter.com/money2020,https://www.youtube.com/@Money2020,https://www.linkedin.com/company/money2020/,Largest fintech event globally
Money20/20 Europe,June 2026,"Amsterdam, Netherlands",Conference,FinTech / Payments,"€1,500-€3,000",https://europe.money2020.com,https://europe.money2020.com/register,https://twitter.com/money2020,https://www.youtube.com/@Money2020,https://www.linkedin.com/company/money2020/,European fintech conference
Money20/20 Asia,November 2026,"Bangkok, Thailand",Conference,FinTech / Payments,"$1,000-$2,000",https://asia.money2020.com,https://asia.money2020.com/register,https://twitter.com/money2020,https://www.youtube.com/@Money2020,https://www.linkedin.com/company/money2020/,Asian fintech conference
ACA Angel Capital Summit,April 2026,"Washington DC, USA",Summit,Angel Investing,"$500-$1,200",https://www.angelcapitalassociation.org/summit,https://www.angelcapitalassociation.org/summit/register,https://twitter.com/ACAAngelCapital,,https://www.linkedin.com/company/angel-capital-association/,Premier angel investor conference (Angel Capital Association)
Angel Summit Europe,May 2026,"London, UK",Summit,Angel Investing,£300-£600,https://angelsummit.eu,https://angelsummit.eu/register,,,,European angel investing summit
EBAN Annual Congress,May 2026,Various EU city,Summit,Angel Investing / Early Stage,€500-€900,https://www.eban.org,https://www.eban.org/events,https://twitter.com/EBAN_org,,https://www.linkedin.com/company/eban/,European Business Angel Network annual event
Global Entrepreneurship Summit (GES),September 2026,TBD (rotating global),Summit,Entrepreneurship / Innovation,Invite-only,https://www.ges2026.org,https://www.ges2026.org/apply,,,,Government-organized global entrepreneurship event
Startup Grind MENA,February 2026,"Dubai, UAE",Conference,Startups / Technology,$200-$500,https://www.startupgrind.com/mena,https://www.startupgrind.com/mena/tickets,https://twitter.com/StartupGrind,https://www.youtube.com/@StartupGrind,https://www.linkedin.com/company/startup-grind/,Middle East and North Africa startup event
GITEX Technology Week,October 2026,"Dubai, UAE",Conference,Technology / AI / Smart Cities,$100-$500,https://www.gitex.com,https://www.gitex.com/register,https://twitter.com/GITEXGLOBAL,https://www.youtube.com/@GITEXGLOBAL,https://www.linkedin.com/company/gitex/,Largest tech event in the Middle East
Echelon Asia Summit,June 2026,Singapore,Summit,Technology / Startups,$200-$500,https://e27.co/echelon,https://e27.co/echelon/tickets,https://twitter.com/e27co,https://www.youtube.com/@e27,https://www.linkedin.com/company/e27/,Southeast Asias premier tech conference
TechCrunch Disrupt Europe,September 2026,"London, UK",Conference,Technology / Startups,"£800-£2,000",https://techcrunch.com/events,https://techcrunch.com/events/tickets,https://twitter.com/TechCrunch,https://www.youtube.com/@TechCrunch,https://www.linkedin.com/company/techcrunch/,European edition of TechCrunch Disrupt
South Summit Madrid,June 2026,"Madrid, Spain",Summit,Technology / Innovation,€300-€700,https://www.southsummit.co,https://www.southsummit.co/tickets,https://twitter.com/southaborsummit,https://www.youtube.com/@SouthSummit,https://www.linkedin.com/company/south-summit/,Leading Southern European startup event
South Summit Brazil,March 2026,"Porto Alegre, Brazil",Summit,Technology / Innovation,"R$500-R$1,500",https://www.southsummit.co/brazil,https://www.southsummit.co/brazil/tickets,https://twitter.com/southsummit,https://www.youtube.com/@SouthSummit,https://www.linkedin.com/company/south-summit/,Latin American edition
Web Summit Rio,April 2026,"Rio de Janeiro, Brazil",Conference,Technology / Startups,"$300-$1,000",https://rio.websummit.com,https://rio.websummit.com/tickets,https://twitter.com/WebSummit,https://www.youtube.com/@WebSummit,https://www.linkedin.com/company/websummit/,Latin American sister event of Web Summit
EmTech MIT,October 2026,"Cambridge, MA, USA",Conference,Emerging Technology / AI,"$1,000-$2,000",https://www.technologyreview.com/emtech,https://www.technologyreview.com/emtech/register,https://twitter.com/techreview,https://www.youtube.com/@mitabortechnologyreview,https://www.linkedin.com/company/mit-technology-review/,MIT Technology Review conference on emerging tech
AI Summit New York,December 2026,"New York City, NY, USA",Summit,Artificial Intelligence,"$500-$1,500",https://theaisummit.com/newyork,https://theaisummit.com/newyork/register,https://twitter.com/theaisummit,,https://www.linkedin.com/company/the-ai-summit/,Enterprise AI conference
AI Summit London,June 2026,"London, UK",Summit,Artificial Intelligence,"£500-£1,200",https://theaisummit.com/london,https://theaisummit.com/london/register,https://twitter.com/theaisummit,,https://www.linkedin.com/company/the-ai-summit/,European AI conference
AI Summit Singapore,September 2026,Singapore,Summit,Artificial Intelligence,"$400-$1,000",https://theaisummit.com/singapore,https://theaisummit.com/singapore/register,https://twitter.com/theaisummit,,https://www.linkedin.com/company/the-ai-summit/,Asian AI conference
Benzinga Fintech Summit,November 2026,"New York City, NY, USA",Summit,FinTech / Investing,"$500-$1,000",https://www.benzinga.com/events/fintech,https://www.benzinga.com/events/fintech/register,https://twitter.com/Benzinga,https://www.youtube.com/@BenzingaTV,https://www.linkedin.com/company/benzinga/,Fintech deal-making event
Fintech Meetup,March 2026,"Las Vegas, NV, USA",Networking,FinTech / Banking,"$1,000-$3,000",https://fintechmeetup.com,https://fintechmeetup.com/register,https://twitter.com/FintechMeetup,,https://www.linkedin.com/company/fintech-meetup/,Curated meetings format; 3000+ participants
Alpha Summit Global,November 2026,"Abu Dhabi, UAE",Summit,Web3 / FinTech / AI,"$500-$2,000",https://alphasummit.global,https://alphasummit.global/register,https://twitter.com/alphasummitglob,,https://www.linkedin.com/company/alpha-summit-global/,Global summit focused on frontier technology
Nordic Startup Awards,May 2026,"Copenhagen, Denmark",Networking,Startups / Technology,Free-€200,https://nordicstartupawards.com,https://nordicstartupawards.com/register,https://twitter.com/nordicawards,,https://www.linkedin.com/company/nordic-startup-awards/,Awards ceremony for Nordic ecosystem
Arctic15,June 2026,"Helsinki, Finland",Conference,Technology / Startups,€300-€700,https://arctic15.com,https://arctic15.com/tickets,https://twitter.com/arctic15,,https://www.linkedin.com/company/arctic15/,Nordic startup conference with curated meetings
Latitude59,May 2026,"Tallinn, Estonia",Conference,Technology / Startups,€200-€500,https://latitude59.ee,https://latitude59.ee/tickets,https://twitter.com/latitude59,https://www.youtube.com/@Latitude59,https://www.linkedin.com/company/latitude59/,Baltics leading tech and startup conference
How to Web,October 2026,"Bucharest, Romania",Conference,Technology / Startups,€100-€400,https://www.howtoweb.co,https://www.howtoweb.co/tickets,https://twitter.com/HowToWeb,https://www.youtube.com/@HowToWeb,https://www.linkedin.com/company/how-to-web/,Central/Eastern European tech conference
Wolves Summit,April 2026,"Wroclaw, Poland",Conference,Technology / Startups,€200-€600,https://wolvessummit.com,https://wolvessummit.com/tickets,https://twitter.com/wolvessummit,https://www.youtube.com/@WolvesSummit,https://www.linkedin.com/company/wolves-summit/,CEE startup conference with curated meetings
Bits & Pretzels,September 2026,"Munich, Germany",Conference,Technology / Startups,"€500-€1,000",https://www.bitsandpretzels.com,https://www.bitsandpretzels.com/tickets,https://twitter.com/baboritsandpretzels,https://www.youtube.com/@BitsandPretzels,https://www.linkedin.com/company/bits-pretzels/,During Oktoberfest; strong networking focus
Noah Conference,June 2026,London / Berlin,Conference,Technology / Digital,"€1,000-€2,500",https://www.noah-conference.com,https://www.noah-conference.com/tickets,https://twitter.com/NOAHConference,https://www.youtube.com/@NOAHConference,https://www.linkedin.com/company/noah-conference/,European digital industry conference
4YFN (Four Years From Now),March 2026,"Barcelona, Spain",Conference,Startups / Mobile,Part of MWC pass,https://www.4yfn.com,https://www.4yfn.com/tickets,https://twitter.com/4yfn,,https://www.linkedin.com/company/4yfn/,Startup event co-located with MWC
Seedstars World Competition,November 2026,"Lausanne, Switzerland",Pitch,Emerging Markets / Impact,Free (application-based),https://www.seedstars.com,https://www.seedstars.com/apply,https://twitter.com/Seedstars,https://www.youtube.com/@Seedstars,https://www.linkedin.com/company/seedstars/,Global pitch competition for emerging market startups
AfricArena Summit,November 2026,"Cape Town, South Africa",Summit,Technology / Startups,ZAR 2000-5000,https://africarena.com,https://africarena.com/register,https://twitter.com/AfricArena,https://www.youtube.com/@AfricArena,https://www.linkedin.com/company/africarena/,Premier African tech summit
Future Investment Initiative (FII),October 2026,"Riyadh, Saudi Arabia",Summit,Investment / Technology,Invite-only,https://fii-institute.org,https://fii-institute.org/register,https://twitter.com/FIIInstitute,https://www.youtube.com/@FIIInstitute,https://www.linkedin.com/company/fii-institute/,Davos in the Desert; major global investment event
Singapore Fintech Festival,November 2026,Singapore,Conference,FinTech / Banking,$300-$700,https://www.fintechfestival.sg,https://www.fintechfestival.sg/register,https://twitter.com/sgfintechfest,https://www.youtube.com/@SingaporeFintechFestival,https://www.linkedin.com/company/singapore-fintech-festival/,Worlds largest fintech event
DealStreetAsia PE-VC Summit,September 2026,Singapore,Summit,Private Equity / Venture Capital,"$500-$1,500",https://www.dealstreetasia.com/events,https://www.dealstreetasia.com/events/register,https://twitter.com/DealStreetAsia,,https://www.linkedin.com/company/dealstreetasia/,Asian PE/VC focused summit
India Internet Day,September 2026,"Mumbai, India",Conference,Internet / Technology,"₹10,000-₹25,000",https://www.nasscom.in,https://www.nasscom.in/events/register,https://twitter.com/nasscom,,https://www.linkedin.com/company/nasscom/,Indian internet ecosystem conference
TiE Global Summit,October 2026,Various (rotating),Summit,Entrepreneurship,$300-$800,https://tie.org/tie-global-summit,https://tie.org/tie-global-summit/register,https://twitter.com/tieGlobal,,https://www.linkedin.com/company/tie-global/,Largest entrepreneurship conference; global chapters
SURGE (Web Summit Asia),March 2026,"Doha, Qatar",Conference,Technology / Startups,$300-$800,https://surgeconf.com,https://surgeconf.com/tickets,https://twitter.com/WebSummit,https://www.youtube.com/@WebSummit,https://www.linkedin.com/company/websummit/,Web Summits Asian conference
Inventures,June 2026,"Calgary, Canada",Conference,Innovation / Technology,$300-$800 CAD,https://inventurescanada.com,https://inventurescanada.com/tickets,https://twitter.com/inventuresconf,,https://www.linkedin.com/company/inventures/,Western Canadas innovation festival
Pirate Summit,September 2026,"Cologne, Germany",Conference,Startups / Technology,€300-€600,https://piratesummit.com,https://piratesummit.com/tickets,https://twitter.com/piratesummit,https://www.youtube.com/@PirateSummit,https://www.linkedin.com/company/pirate-summit/,Unconventional European startup conference
Dublin Tech Summit,June 2026,"Dublin, Ireland",Conference,Technology / Startups,€300-€700,https://dublintechsummit.tech,https://dublintechsummit.tech/tickets,https://twitter.com/DubTechSummit,,https://www.linkedin.com/company/dublin-tech-summit/,Irelands international tech summit
TNW (The Next Web) Conference,June 2026,"Amsterdam, Netherlands",Conference,Technology / Innovation,"€400-€1,000",https://thenextweb.com/conference,https://thenextweb.com/conference/tickets,https://twitter.com/TheNextWeb,https://www.youtube.com/@thenextweb,https://www.linkedin.com/company/the-next-web/,Major European tech festival
StartmeupHK Festival,January 2026,"Hong Kong, China",Conference,Startups / Technology,Free-HK$500,https://www.startmeup.hk,https://www.startmeup.hk/register,https://twitter.com/StartmeupHK,,https://www.linkedin.com/company/startmeuphk/,Hong Kongs premier startup event
GreenTech Festival,June 2026,"Berlin, Germany",Conference,Sustainability / CleanTech,€200-€500,https://greentechfestival.com,https://greentechfestival.com/tickets,https://twitter.com/greentechfest,https://www.youtube.com/@GreenTechFestival,https://www.linkedin.com/company/greentech-festival/,Focus on sustainable innovation
ClimateTech Summit,October 2026,"London, UK",Summit,Climate / CleanTech,£400-£900,https://climatetechsummit.com,https://climatetechsummit.com/register,,,,Climate technology investment summit
HealthTech Summit,September 2026,"London, UK",Summit,HealthTech / BioTech,"£500-£1,000",https://www.healthtechsummit.com,https://www.healthtechsummit.com/register,,,,Healthcare innovation conference
BIO International Convention,June 2026,"Boston, MA, USA",Conference,Biotechnology / Life Sciences,"$500-$2,000",https://convention.bio.org,https://convention.bio.org/register,https://twitter.com/IAmBiotech,https://www.youtube.com/@BiotechnologyInnovation,https://www.linkedin.com/company/biotechnology-innovation-organization/,Worlds largest biotechnology event
SpaceTech Summit,November 2026,"Bremen, Germany",Summit,Space Technology / NewSpace,"€500-€1,200",https://spacetechsummit.com,https://spacetechsummit.com/register,,,,European space technology event
Deep Tech Summit,May 2026,"Brussels, Belgium",Summit,Deep Tech / Science,€300-€700,https://deeptechsummit.com,https://deeptechsummit.com/register,,,,European deep tech innovation summit
Hello Tomorrow Global Summit,March 2026,"Paris, France",Summit,Deep Tech / Science,€300-€800,https://hello-tomorrow.org/global-summit,https://hello-tomorrow.org/global-summit/register,https://twitter.com/hellotmrw,https://www.youtube.com/@HelloTomorrow,https://www.linkedin.com/company/hello-tomorrow/,Deep tech innovation and venture event
PropTech Summit,September 2026,"London, UK",Summit,Real Estate Tech,£400-£800,https://proptechsummit.com,https://proptechsummit.com/register,,,,Property technology conference
Shoptalk,March 2026,"Las Vegas, NV, USA",Conference,Retail / E-commerce,"$2,000-$3,500",https://shoptalk.com,https://shoptalk.com/register,https://twitter.com/shaboroptalk,https://www.youtube.com/@Shoptalk,https://www.linkedin.com/company/shoptalk/,Largest retail and e-commerce event
Digital Health Summit,January 2026,"Las Vegas, NV, USA",Summit,Digital Health / HealthTech,$300-$800,https://www.digitalhealthsummit.com,https://www.digitalhealthsummit.com/register,https://twitter.com/dhaborealthsmt,,,Co-located with CES
Milken Institute Global Conference,May 2026,"Los Angeles, CA, USA",Conference,Finance / Investment / Policy,Invite-only,https://milkeninstitute.org/events/global-conference,https://milkeninstitute.org/events/global-conference/register,https://twitter.com/MilkenInstitute,https://www.youtube.com/@MilkenInstitute,https://www.linkedin.com/company/milken-institute/,High-level finance and policy conference
Bloomberg Technology Summit,June 2026,"San Francisco, CA, USA",Summit,Technology / Business,"$2,000-$4,000",https://www.bloomberglive.com/tech-summit,https://www.bloomberglive.com/tech-summit/register,https://twitter.com/business,https://www.youtube.com/@BloombergTelevision,https://www.linkedin.com/company/bloomberg-lp/,Elite technology leadership summit
Forbes Under 30 Summit,October 2026,Various (rotating),Summit,Young Entrepreneurs,"$1,000-$3,000",https://www.forbes.com/under30,https://www.forbes.com/under30/register,https://twitter.com/Forbes,https://www.youtube.com/@Forbes,https://www.linkedin.com/company/forbes-magazine/,For Forbes 30 Under 30 alumni and invitees
Disrupt Africa,November 2026,"Nairobi, Kenya",Conference,Technology / Startups,$100-$300,https://disrupt-africa.com,https://disrupt-africa.com/events,https://twitter.com/disaborruptafrica,,https://www.linkedin.com/company/disrupt-africa/,African tech startup media event
TechBBQ,September 2026,"Copenhagen, Denmark",Conference,Technology / Startups,"DKK 1,500-3,500",https://techbbq.dk,https://techbbq.dk/tickets,https://twitter.com/TechBBQ,https://www.youtube.com/@TechBBQ,https://www.linkedin.com/company/techbbq/,Scandinavian growth and tech summit
Launch Festival,March 2026,"San Francisco, CA, USA",Conference,Startups / Technology,"$300-$1,000",https://www.launchfestival.com,https://www.launchfestival.com/tickets,https://twitter.com/launch,https://www.youtube.com/@launch,https://www.linkedin.com/company/launch-festival/,Jason Calacanis startup showcase event
SaaStock,October 2026,"Dublin, Ireland",Conference,SaaS / B2B,"€500-€1,500",https://www.saastock.com,https://www.saastock.com/tickets,https://twitter.com/SaaStock,https://www.youtube.com/@SaaStock,https://www.linkedin.com/company/saastock/,Premier European SaaS conference
Token2049 Singapore,September 2026,Singapore,Conference,Web3 / Crypto,"$500-$2,000",https://www.token2049.com,https://www.token2049.com/tickets,https://twitter.com/token2049,https://www.youtube.com/@TOKEN2049,https://www.linkedin.com/company/token2049/,Leading crypto/Web3 event in Asia
Token2049 Dubai,April 2026,"Dubai, UAE",Conference,Web3 / Crypto,"$500-$2,000",https://www.token2049.com,https://www.token2049.com/tickets,https://twitter.com/token2049,https://www.youtube.com/@TOKEN2049,https://www.linkedin.com/company/token2049/,Middle East crypto/Web3 event
Consensus by CoinDesk,May 2026,"Austin, TX, USA",Conference,Crypto / Blockchain / Web3,"$500-$2,500",https://consensus.coindesk.com,https://consensus.coindesk.com/register,https://twitter.com/CoinDesk,https://www.youtube.com/@CoinDesk,https://www.linkedin.com/company/coindesk/,Longest-running crypto industry event
