Name,Type,Sector Focus,Stage,Geographic Focus,Check Size,Website,Pitch URL,LinkedIn,Twitter,YouTube,Notes
Sequoia Capital,VC,Technology / Multi-sector,Seed to Growth,Global,"$100K–$100M+",https://www.sequoiacap.com,https://www.sequoiacap.com/pitch/,https://www.linkedin.com/company/sequoia-capital,https://twitter.com/sequoia,https://www.youtube.com/@sequoiacapital,Legendary Silicon Valley firm
Andreessen Horowitz (a16z),VC,Technology / Crypto / Bio,Seed to Growth,Global,"$500K–$100M+",https://a16z.com,https://a16z.com/pitching/,https://www.linkedin.com/company/a16z,https://twitter.com/a16z,https://www.youtube.com/@a16z,Known for bold bets and media presence
Accel,VC,Technology / SaaS / Fintech,Early to Growth,Global,"$1M–$100M",https://www.accel.com,,https://www.linkedin.com/company/accel,https://twitter.com/acaborrel,,Backed Facebook and Slack
Benchmark,VC,Technology / Marketplace,Early Stage,US / Global,"$5M–$25M",https://www.benchmark.com,,https://www.linkedin.com/company/benchmark-capital,https://twitter.com/benchmark,,Equal partnership model
Kleiner Perkins,VC,Technology / Climate / Health,Early to Growth,US / Global,"$1M–$50M",https://www.kleinerperkins.com,,https://www.linkedin.com/company/kleiner-perkins,https://twitter.com/kleinerperkins,,Pioneered cleantech investing
Lightspeed Venture Partners,VC,Enterprise / Consumer / Health,Early to Growth,Global,"$1M–$100M",https://lsvp.com,,https://www.linkedin.com/company/lightspeed-venture-partners,https://twitter.com/lightaborspeedvp,,Multi-stage global fund
Greylock Partners,VC,Enterprise / Consumer Tech,Early Stage,US / Global,"$1M–$25M",https://greylock.com,,https://www.linkedin.com/company/greylock-partners,https://twitter.com/graboreylock,,Focus on network-effect businesses
Index Ventures,VC,Technology / Fintech / Gaming,Seed to Growth,US / Europe,"$1M–$100M",https://www.indexventures.com,,https://www.linkedin.com/company/index-ventures,https://twitter.com/indexventures,https://www.youtube.com/@indexventures,Dual US-Europe presence
Founders Fund,VC,Deep Tech / Frontier Tech,Seed to Growth,US / Global,"$500K–$100M",https://foundersfund.com,,https://www.linkedin.com/company/founders-fund,https://twitter.com/foundersfund,,Peter Thiel's fund
NEA (New Enterprise Associates),VC,Technology / Healthcare,Seed to Growth,Global,"$250K–$100M+",https://www.nea.com,,https://www.linkedin.com/company/new-enterprise-associates,https://twitter.com/naborea,,One of the largest VC funds globally
General Catalyst,VC,Technology / Health / Fintech,Seed to Growth,Global,"$500K–$100M+",https://www.generalcatalyst.com,,https://www.linkedin.com/company/general-catalyst-partners,https://twitter.com/gcvp,,Known for Responsible Innovation
Bessemer Venture Partners,VC,Cloud / Healthcare / Consumer,Seed to Growth,Global,"$500K–$100M",https://www.bvp.com,,https://www.linkedin.com/company/bessemer-venture-partners,https://twitter.com/bessemeraborvp,https://www.youtube.com/@BessemerVP,Famous Anti-Portfolio page
GGV Capital (now Granite Asia),VC,Technology / Consumer,Early to Growth,US / Asia,"$1M–$50M",https://www.ggvc.com,,https://www.linkedin.com/company/ggv-capital,https://twitter.com/ggvcapital,,Rebranded — US and Asia focus
Insight Partners,VC,Software / Technology,Growth,Global,"$10M–$500M+",https://www.insightpartners.com,,https://www.linkedin.com/company/insight-partners,https://twitter.com/insaborightpartners,,Software-focused growth investor
Tiger Global Management,VC,Technology / Internet,Growth,Global,"$10M–$500M+",https://www.tigerglobal.com,,https://www.linkedin.com/company/tiger-global-management,,,Known for rapid deal-making
Coatue Management,VC,Technology / TMT,Growth,Global,"$5M–$200M+",https://www.coatue.com,,https://www.linkedin.com/company/coatue-management,https://twitter.com/coaboratue,,Crossover public/private investor
Battery Ventures,VC,Technology / Enterprise,Early to Growth,US / Global,"$1M–$50M",https://www.battery.com,,https://www.linkedin.com/company/battery-ventures,https://twitter.com/batteryventures,,Enterprise and infrastructure focus
IVP (Institutional Venture Partners),VC,Technology / Consumer,Late Stage / Growth,US,"$10M–$100M",https://www.ivp.com,,https://www.linkedin.com/company/institutional-venture-partners,https://twitter.com/ivp,,Late-stage specialist
Union Square Ventures,VC,Web3 / Marketplace / Climate,Early Stage,US / Global,"$1M–$25M",https://www.usv.com,https://www.usv.com/writing/submit/,https://www.linkedin.com/company/union-square-ventures,https://twitter.com/usaborv,,Thesis-driven investing
First Round Capital,VC,Technology / Multi-sector,Pre-Seed / Seed,US,"$250K–$5M",https://firstround.com,,https://www.linkedin.com/company/first-round-capital,https://twitter.com/firstround,https://www.youtube.com/@FirstRoundCapital,Community-driven seed fund
Khosla Ventures,VC,Deep Tech / Climate / Health,Seed to Growth,US / Global,"$500K–$50M",https://www.khoslaventures.com,,https://www.linkedin.com/company/khosla-ventures,https://twitter.com/khaboroslaventures,,Vinod Khosla's fund — bold bets
Spark Capital,VC,Consumer / Enterprise / Crypto,Early Stage,US,"$1M–$25M",https://www.sparkcapital.com,,https://www.linkedin.com/company/spark-capital,https://twitter.com/sparkcapital,,Backed Twitter and Slack
Redpoint Ventures,VC,Enterprise / Infrastructure,Early to Growth,US / Global,"$1M–$50M",https://www.redpoint.com,,https://www.linkedin.com/company/redpoint-ventures,https://twitter.com/redaborpointvc,,Infrastructure and cloud focus
Ribbit Capital,VC,Fintech,Early to Growth,Global,"$1M–$50M",https://ribbitcap.com,,https://www.linkedin.com/company/ribbit-capital,https://twitter.com/ribbitcap,,Fintech specialist
Felicis Ventures,VC,Technology / Climate / Health,Seed to Series B,US / Global,"$500K–$25M",https://www.felicis.com,,https://www.linkedin.com/company/felicis-ventures,https://twitter.com/felicis,,Aydin Senkut's fund
Craft Ventures,VC,SaaS / Fintech / Crypto,Seed to Series B,US,"$1M–$25M",https://www.craftventures.com,,https://www.linkedin.com/company/craft-ventures,https://twitter.com/craftaborventures,,David Sacks' fund
Lux Capital,VC,Deep Tech / Science / Frontier,Seed to Growth,US / Global,"$500K–$50M",https://www.luxcapital.com,,https://www.linkedin.com/company/lux-capital,https://twitter.com/luxcapital,,Science-backed ventures
Initialized Capital,VC,Technology / Multi-sector,Pre-Seed / Seed,US,"$250K–$5M",https://initialized.com,,https://www.linkedin.com/company/initialized-capital,https://twitter.com/initialized,,Garry Tan's early fund
Thrive Capital,VC,Technology / Consumer / Enterprise,Early to Growth,US,"$1M–$100M",https://www.thrivecap.com,,https://www.linkedin.com/company/thrive-capital,,,Josh Kushner's fund
SV Angel,VC,Technology / Multi-sector,Seed / Angel,US,"$100K–$1M",https://svangel.com,,https://www.linkedin.com/company/sv-angel,https://twitter.com/svaborangel,,Ron Conway's vehicle
Y Combinator (Continuity),VC,Technology / Multi-sector,Growth,Global,"$500K–$100M+",https://www.ycombinator.com,,https://www.linkedin.com/company/y-combinator,https://twitter.com/ycombinator,https://www.youtube.com/@ycombinator,YC's growth fund
Atomico,VC,Technology / Deep Tech,Series A to Growth,Europe / Global,"$1M–$100M",https://www.atomico.com,,https://www.linkedin.com/company/atomico,https://twitter.com/atomico,,Niklas Zennström (Skype founder)
Balderton Capital,VC,Technology / Multi-sector,Series A to Growth,Europe,"$1M–$50M",https://www.balderton.com,,https://www.linkedin.com/company/balderton-capital,https://twitter.com/balaboraderton,,Europe's leading VC
Northzone,VC,Technology / Fintech / Consumer,Early to Growth,Europe / Global,"$1M–$50M",https://northzone.com,,https://www.linkedin.com/company/northzone,https://twitter.com/northzone,,Backed Spotify
Acton Capital,VC,Internet / Marketplace,Series A to Growth,Europe,"$5M–$50M",https://actoncapital.com,,https://www.linkedin.com/company/acton-capital,https://twitter.com/actoncapital,,Munich-based
EQT Ventures,VC,Technology / Multi-sector,Seed to Series B,Europe / Global,"$1M–$25M",https://eqtventures.com,,https://www.linkedin.com/company/eqt-ventures,https://twitter.com/eqtventures,,Part of EQT Group
Creandum,VC,Technology / SaaS / Fintech,Seed to Series A,Nordics / Europe,"$500K–$15M",https://www.creandum.com,,https://www.linkedin.com/company/creandum,https://twitter.com/craboreandum,,Backed Spotify and Klarna
Cherry Ventures,VC,Technology / Consumer / SaaS,Pre-Seed to Series A,Europe,"$500K–$10M",https://cherry.vc,,https://www.linkedin.com/company/cherry-ventures,https://twitter.com/cherryventures,,Berlin-based early stage
Earlybird Venture Capital,VC,Technology / Digital Health,Early to Growth,Europe,"$500K–$25M",https://earlybird.com,,https://www.linkedin.com/company/earlybird-venture-capital,https://twitter.com/earlaborybirdvc,,Pan-European VC
Lakestar,VC,Technology / Fintech,Early to Growth,Europe,"$1M–$50M",https://www.lakestar.com,,https://www.linkedin.com/company/lakestar,https://twitter.com/lakestar,,Backed Spotify
Target Global,VC,Fintech / Mobility / Enterprise,Early to Growth,Europe / Israel,"$1M–$50M",https://www.targetglobal.vc,,https://www.linkedin.com/company/target-global,https://twitter.com/targetglobal,,Berlin and Tel Aviv
83North,VC,Technology / Enterprise,Series A to Growth,Europe / Israel,"$5M–$50M",https://www.83north.com,,https://www.linkedin.com/company/83north,https://twitter.com/83northVC,,Formerly Greylock IL
Partech,VC,Technology / Multi-sector,Seed to Growth,Europe / Africa,"$200K–$50M",https://partechpartners.com,,https://www.linkedin.com/company/partech-partners,https://twitter.com/partechaborpartners,,Paris-based; Africa fund too
Sofina,VC,Technology / Consumer / Education,Growth,Europe / Global,"$10M–$100M+",https://www.sofina.com,,https://www.linkedin.com/company/sofina,,,Belgian investment company
HV Capital,VC,Technology / Multi-sector,Seed to Growth,Europe,"$500K–$50M",https://www.hvcapital.com,,https://www.linkedin.com/company/hv-capital,https://twitter.com/hv_capital,,German VC (formerly Holtzbrinck)
Seedcamp,VC,Technology / Multi-sector,Pre-Seed / Seed,Europe,"$100K–$2M",https://seedcamp.com,,https://www.linkedin.com/company/seedcamp,https://twitter.com/seedaborcamp,,Europe's leading pre-seed fund
LocalGlobe,VC,Technology / Multi-sector,Seed to Series A,Europe,"$250K–$10M",https://localglobe.vc,,https://www.linkedin.com/company/localglobe,https://twitter.com/localglobe,,London-based seed fund
Octopus Ventures,VC,Deep Tech / Health / Fintech,Early Stage,UK / Europe,"$500K–$10M",https://octopusventures.com,,https://www.linkedin.com/company/octopus-ventures,https://twitter.com/octaboropusvc,,Part of Octopus Group
SoftBank Vision Fund,VC,Technology / AI / Mobility,Growth,Global,"$50M–$1B+",https://visionfund.com,,https://www.linkedin.com/company/softbank-vision-fund,https://twitter.com/softbank,,Massive growth fund
SoftBank Asia (SB Opportunity Fund),VC,Technology / Multi-sector,Early to Growth,Asia,"$5M–$100M",https://group.softbank/en,,https://www.linkedin.com/company/softbank-group,https://twitter.com/SoftBank,,Asia-focused arm
Hillhouse Capital,VC,Technology / Consumer / Healthcare,Growth,China / Asia,"$10M–$500M+",https://www.hillhousecap.com,,https://www.linkedin.com/company/hillhouse-capital,,,Major China tech investor
Sequoia Capital China / HongShan,VC,Technology / Consumer / Healthcare,Seed to Growth,China / Southeast Asia,"$500K–$100M+",https://www.hongshan.com,,https://www.linkedin.com/company/hongshan-capital,,,Spun out from Sequoia in 2023
GIC Ventures,VC,Technology / Multi-sector,Growth,Global,"$50M–$500M+",https://www.gic.com.sg,,https://www.linkedin.com/company/gic,,,Singapore sovereign wealth
Temasek,VC,Technology / Multi-sector,Growth,Global,"$50M–$500M+",https://www.temasek.com.sg,,https://www.linkedin.com/company/temasek,https://twitter.com/teabormasekaborhldgs,,Singapore state investor
Vertex Ventures,VC,Technology / Healthcare,Early to Growth,Southeast Asia / Global,"$1M–$20M",https://www.vertexventures.com,,https://www.linkedin.com/company/vertex-ventures,,,Temasek-linked early stage VC
Jungle Ventures,VC,Technology / SaaS / Consumer,Series A–B,Southeast Asia,"$2M–$20M",https://www.jungleventures.com,,https://www.linkedin.com/company/jungle-ventures,https://twitter.com/junglevc,,Singapore-based
Golden Gate Ventures,VC,Technology / Fintech,Seed to Series A,Southeast Asia,"$250K–$5M",https://goldengatevaborentures.com,,https://www.linkedin.com/company/golden-gate-ventures,https://twitter.com/goldgateven,,Singapore-based
East Ventures,VC,Technology / Consumer,Seed to Series A,Southeast Asia / Indonesia,"$100K–$5M",https://east.vc,,https://www.linkedin.com/company/east-ventures,https://twitter.com/eastventures,,Jakarta-based
Matrix Partners India (Z47 India),VC,Technology / Consumer / SaaS,Early to Growth,India,"$1M–$30M",https://www.matrixpartners.in,,https://www.linkedin.com/company/matrix-partners-india,https://twitter.com/matrixaborpartnersin,,Rebranded; top India VC
Accel India,VC,Technology / SaaS / Consumer,Seed to Growth,India,"$500K–$100M",https://www.accel.com/india,,https://www.linkedin.com/company/accel,https://twitter.com/accel,,India arm of Accel
Elevation Capital,VC,Technology / Consumer / Fintech,Early to Growth,India,"$1M–$25M",https://www.elevationcap.com,,https://www.linkedin.com/company/elevation-capital,https://twitter.com/elevationcap,,Formerly SAIF Partners India
Blume Ventures,VC,Technology / Multi-sector,Pre-Seed to Series A,India,"$100K–$5M",https://blume.vc,,https://www.linkedin.com/company/blume-ventures,https://twitter.com/blumeaborventures,,India early-stage VC
Chiratae Ventures,VC,Technology / Healthcare / SaaS,Early to Growth,India,"$500K–$20M",https://www.chiratae.com,,https://www.linkedin.com/company/chiratae-ventures,https://twitter.com/chirataevc,,Formerly IDG Ventures India
Peak XV Partners,VC,Technology / Consumer,Seed to Growth,India / Southeast Asia,"$500K–$100M",https://peakxv.com,,https://www.linkedin.com/company/peakxvpartners,https://twitter.com/peakxvpartners,,Formerly Sequoia India
Kaszek Ventures,VC,Technology / Fintech / E-commerce,Seed to Growth,Latin America,"$500K–$50M",https://www.kaszek.com,,https://www.linkedin.com/company/kaszek,https://twitter.com/kaszaborek,,Largest LATAM-focused VC
Monashees,VC,Technology / Fintech / Health,Early to Growth,Latin America,"$500K–$25M",https://www.monashees.com.br,,https://www.linkedin.com/company/monashees,https://twitter.com/monashees,,Brazil-based VC
SoftBank Latin America Fund,VC,Technology / Multi-sector,Growth,Latin America,"$10M–$200M",https://latinamericafund.com,,https://www.linkedin.com/company/softbank-latin-america-fund,,,LATAM growth fund
Valor Capital Group,VC,Technology / Fintech,Early to Growth,Latin America / US,"$1M–$25M",https://valorcapitalgroup.com,,https://www.linkedin.com/company/valor-capital-group,https://twitter.com/valoraborcp,,Cross-border LATAM-US
ALLVP,VC,Technology / Multi-sector,Seed to Series A,Latin America / Mexico,"$250K–$5M",https://allvp.vc,,https://www.linkedin.com/company/allvp,https://twitter.com/allvp,,Mexico City-based
QED Investors,VC,Fintech,Early to Growth,Global,"$3M–$50M",https://www.qedinvestors.com,,https://www.linkedin.com/company/qed-investors,https://twitter.com/qedinvestors,,Fintech specialist
Partech Africa,VC,Technology / Multi-sector,Seed to Series A,Africa,"$200K–$10M",https://partechpartners.com/africa,,https://www.linkedin.com/company/partech-partners,https://twitter.com/partechpartners,,Paris-based with Africa fund
TLcom Capital,VC,Technology / Multi-sector,Seed to Series A,Africa,"$500K–$10M",https://www.tlcomcapital.com,,https://www.linkedin.com/company/tlcom-capital,https://twitter.com/tlaborcomcapital,,Africa-focused VC
Novastar Ventures,VC,Impact / Technology,Seed to Series A,East Africa,"$250K–$5M",https://novastarventures.com,,https://www.linkedin.com/company/novastar-ventures,https://twitter.com/novastarvc,,Impact investing in Africa
CRE Venture Capital,VC,Technology / Fintech,Early Stage,Africa,"$100K–$5M",https://creventurecapital.com,,https://www.linkedin.com/company/cre-venture-capital,,,Africa early stage
Algebra Ventures,VC,Technology / Multi-sector,Seed to Series A,MENA / Egypt,"$250K–$5M",https://algebraventures.com,,https://www.linkedin.com/company/algebra-ventures,https://twitter.com/algebraaborvc,,Cairo-based
BECO Capital,VC,Technology / Multi-sector,Seed to Series A,MENA / UAE,"$500K–$5M",https://www.becocapital.com,,https://www.linkedin.com/company/beco-capital,https://twitter.com/becocapital,,Dubai-based VC
Wamda Capital,VC,Technology / Multi-sector,Early to Growth,MENA,"$500K–$10M",https://www.wamda.com/capital,,https://www.linkedin.com/company/wamda-capital,https://twitter.com/wamdacapital,,MENA ecosystem builder
Global Founders Capital,VC,Technology / Multi-sector,Seed to Series A,Global,"$250K–$5M",https://globalfounderscapital.com,,https://www.linkedin.com/company/global-founders-capital,https://twitter.com/gaborfc,,Rocket Internet affiliated
500 Global,VC,Technology / Multi-sector,Pre-Seed to Seed,Global,"$50K–$250K",https://500.co,https://500.co/accelerator,https://www.linkedin.com/company/500global,https://twitter.com/500Global,https://www.youtube.com/@500startups,Accelerator + fund
Plug and Play Tech Center,VC,Technology / Multi-sector,Seed,Global,"$50K–$500K",https://www.plugandplaytechcenter.com,,https://www.linkedin.com/company/plug-and-play-tech-center,https://twitter.com/PlugandPlayTC,https://www.youtube.com/@PlugandPlayTechCenter,Corporate innovation + VC
Antler,VC,Technology / Multi-sector,Pre-Seed,Global,"$100K–$250K",https://www.antler.co,https://www.antler.co/apply,https://www.linkedin.com/company/antler,https://twitter.com/AntlerGlobal,https://www.youtube.com/@AntlerGlobal,Day-zero investor
Techstars Ventures,VC,Technology / Multi-sector,Seed,Global,"$120K",https://www.techstars.com,,https://www.linkedin.com/company/techstars,https://twitter.com/techaborstars,https://www.youtube.com/@Techstars,Accelerator-linked fund
Headline (formerly e.ventures),VC,Technology / Multi-sector,Seed to Series B,US / Europe / Asia / Brazil,"$500K–$25M",https://headline.com,,https://www.linkedin.com/company/headlinevc,https://twitter.com/headline,,Multi-geography
Global Brain,VC,Technology / IoT / AI,Seed to Growth,Japan / Global,"$500K–$10M",https://globalbrains.com,,https://www.linkedin.com/company/global-brain-corporation,,,Tokyo-based VC
JAFCO,VC,Technology / Multi-sector,Early to Growth,Japan / Asia,"$1M–$20M",https://www.jafco.co.jp/english,,https://www.linkedin.com/company/jafco,,,Japan's largest VC
Wadi Accelerator / STC Ventures,VC,Technology / Telecom,Early Stage,Saudi Arabia / MENA,"$250K–$5M",https://www.stc.com.sa/wadi,,https://www.linkedin.com/company/stc-group,,,Saudi telecom VC
Mubadala Ventures,VC,Technology / Multi-sector,Growth,Global / MENA,"$10M–$100M+",https://www.mubadala.com,,https://www.linkedin.com/company/mubadala,https://twitter.com/mubadala,,Abu Dhabi sovereign fund's VC arm
DisruptAD (ADQ),VC,Technology / Multi-sector,Early to Growth,MENA / Global,"$5M–$50M",https://www.disruptad.com,,https://www.linkedin.com/company/disruptad,https://twitter.com/disruptaborad,,Abu Dhabi's tech investment platform
Flourish Ventures,VC,Fintech / Financial Inclusion,Early to Growth,Global (Emerging Mkts),"$1M–$20M",https://flourishventures.com,,https://www.linkedin.com/company/flourish-ventures,https://twitter.com/flourishvp,,Omidyar-linked fintech fund
Cathay Innovation,VC,Technology / Multi-sector,Series A–B,Global / Asia,"$2M–$20M",https://cathayinnovation.com,,https://www.linkedin.com/company/cathay-innovation,https://twitter.com/cathayinnov,,Cross-border US-Asia
B Capital Group,VC,Enterprise / Fintech / Health,Series B–C,Global,"$10M–$60M",https://www.bcapgroup.com,,https://www.linkedin.com/company/b-capital-group,https://twitter.com/bcapgroup,,Eduardo Saverin co-founded
DST Global,VC,Internet / Technology,Growth,Global,"$50M–$500M+",https://dst.global,,https://www.linkedin.com/company/dst-global,,,Yuri Milner's fund
Norwest Venture Partners,VC,Healthcare / Enterprise / Consumer,Early to Growth,US / India / Israel,"$1M–$50M",https://www.nvp.com,,https://www.linkedin.com/company/norwest-venture-partners,https://twitter.com/norwestaborvp,,Multi-stage multi-geography
Sapphire Ventures,VC,Enterprise / SaaS,Series A to Growth,US / Global,"$2M–$50M",https://sapphireventures.com,,https://www.linkedin.com/company/sapphire-ventures,https://twitter.com/sapphirevc,,Enterprise software focus
Scale Venture Partners,VC,Enterprise / SaaS,Series A–B,US,"$2M–$25M",https://www.scalevp.com,,https://www.linkedin.com/company/scale-venture-partners,https://twitter.com/scalaborevp,,SaaS metrics driven
Emergence Capital,VC,Enterprise / SaaS,Series A–B,US,"$5M–$25M",https://www.emcap.com,,https://www.linkedin.com/company/emergence-capital,https://twitter.com/emergencecap,,Coaching-network SaaS fund
Menlo Ventures,VC,Technology / AI / Cyber,Early to Growth,US,"$1M–$50M",https://menlovc.com,,https://www.linkedin.com/company/menlo-ventures,https://twitter.com/menloventures,,Silicon Valley since 1976
Canaan Partners,VC,Technology / Healthcare,Seed to Growth,US / Israel,"$500K–$25M",https://www.canaan.com,,https://www.linkedin.com/company/canaan-partners,https://twitter.com/canaanaborpartners,,Healthcare + tech
Bain Capital Ventures,VC,Technology / Fintech / Healthcare,Seed to Growth,US / Global,"$1M–$50M",https://www.baincapitalventures.com,,https://www.linkedin.com/company/bain-capital-ventures,https://twitter.com/BainCapVC,,Part of Bain Capital
8VC,VC,Technology / Logistics / Gov Tech,Early to Growth,US,"$1M–$30M",https://8vc.com,,https://www.linkedin.com/company/8vc,https://twitter.com/8aborvc,,Joe Lonsdale's fund
a]ventures (formerly Almaz Capital),VC,Technology / Enterprise,Early to Growth,US / CIS / Europe,"$500K–$10M",https://aventures.vc,,https://www.linkedin.com/company/almaz-capital,,,Cross-border US-CIS
Dragoneer Investment Group,VC,Technology / Consumer,Growth,US / Global,"$25M–$200M+",https://www.dragoneer.com,,https://www.linkedin.com/company/dragoneer-investment-group,,,Late-stage growth
D1 Capital Partners,VC,Technology / Consumer,Growth,US / Global,"$25M–$200M+",https://d1cap.com,,https://www.linkedin.com/company/d1-capital-partners,,,Crossover hedge/VC fund
Addition,VC,Technology / Multi-sector,Growth,Global,"$25M–$200M+",https://addition.com,,https://www.linkedin.com/company/addition-vc,,,Lee Fixel's fund
Golden Seeds,Angel Group,Women-led / Multi-sector,Seed / Early,US,"$25K–$750K",https://goldenseeds.com,,https://www.linkedin.com/company/golden-seeds,https://twitter.com/goldenseedsfund,,Invests in women-led businesses
Tech Coast Angels,Angel Group,Technology / Multi-sector,Seed / Early,US (Southern California),"$50K–$500K",https://www.techcoastangels.com,,https://www.linkedin.com/company/tech-coast-angels,https://twitter.com/tcangels,,One of largest US angel groups
Keiretsu Forum,Angel Group,Technology / Life Science / Real Estate,Seed / Early,Global,"$25K–$1M",https://www.keiretsuforum.com,,https://www.linkedin.com/company/keiretsu-forum,https://twitter.com/keiretsuforum,,Largest angel network worldwide
Band of Angels,Angel Group,Technology / Multi-sector,Seed,US (Silicon Valley),"$50K–$500K",https://www.bandangels.com,,https://www.linkedin.com/company/band-of-angels,,,Silicon Valley's oldest angel group
New York Angels,Angel Group,Technology / Multi-sector,Seed / Early,US (New York),"$25K–$500K",https://www.newyorkangels.com,,https://www.linkedin.com/company/new-york-angels,https://twitter.com/newyorkangels,,NYC-based angel group
Astia Angels,Angel Group,Women-led / Multi-sector,Seed / Early,Global,"$25K–$500K",https://astia.org,,https://www.linkedin.com/company/astia,https://twitter.com/astiaorg,,Gender-inclusive investing
Pipeline Angels,Angel Group,Women / Non-binary / Multi-sector,Seed,US,"$5K–$100K",https://pipelineangels.com,,https://www.linkedin.com/company/pipeline-angels,https://twitter.com/pipelineangels,,Diverse angel group
Houston Angel Network,Angel Group,Technology / Energy / Healthcare,Seed / Early,US (Texas),"$25K–$500K",https://www.houstonangelnetwork.org,,https://www.linkedin.com/company/houston-angel-network,,,Texas-based
Central Texas Angel Network (CTAN),Angel Group,Technology / Multi-sector,Seed,US (Texas),"$25K–$500K",https://www.centraltexasangelnetwork.com,,https://www.linkedin.com/company/central-texas-angel-network,,,Austin-based
Desert Angels,Angel Group,Technology / Multi-sector,Seed / Early,US (Arizona),"$25K–$250K",https://www.desertangels.org,,https://www.linkedin.com/company/desert-angels,,,Tucson-based
Launchpad Venture Group,Angel Group,Technology / Life Science,Seed / Early,US (New England),"$25K–$500K",https://launchpadventuregroup.com,,https://www.linkedin.com/company/launchpad-venture-group,,,Boston-area angel group
Maine Angels,Angel Group,Technology / Multi-sector,Seed,US (Maine),"$25K–$250K",https://www.maineangels.org,,https://www.linkedin.com/company/maine-angels,,,Maine-based
Pasadena Angels,Angel Group,Technology / Multi-sector,Seed,US (California),"$25K–$300K",https://pasadenaangels.com,,https://www.linkedin.com/company/pasadena-angels,,,Pasadena-based
Seattle Angel Conference,Angel Group,Technology / Multi-sector,Seed,US (Washington),"$25K–$300K",https://seattleangelconference.com,,https://www.linkedin.com/company/seattle-angel-conference,,,Seattle-based annual event
Alliance of Angels,Angel Group,Technology / Multi-sector,Seed / Early,US (Pacific NW),"$25K–$500K",https://www.allianceofangels.com,,https://www.linkedin.com/company/alliance-of-angels,https://twitter.com/a2angels,,Seattle-based
Investors' Circle,Angel Group,Impact / Sustainability,Seed / Early,US,"$25K–$500K",https://investorscircle.org,,https://www.linkedin.com/company/investors-circle,https://twitter.com/investorscircle,,Impact investing focus
Robin Hood Ventures,Angel Group,Technology / Multi-sector,Seed / Early,US (Philadelphia),"$25K–$500K",https://robinhoodventures.com,,https://www.linkedin.com/company/robin-hood-ventures,,,Philadelphia-based
Tri-State Ventures,Angel Group,Technology / Multi-sector,Seed,US (Tri-State),"$25K–$250K",https://www.tristate.vc,,https://www.linkedin.com/company/tri-state-ventures,,,NY/NJ/CT area
BlueTree Allied Angels,Angel Group,Technology / Healthcare,Seed / Early,US (Pittsburgh),"$25K–$500K",https://www.bluetreealliedangels.com,,https://www.linkedin.com/company/bluetree-allied-angels,,,Pittsburgh-based
Ohio TechAngel Funds,Angel Group,Technology / Multi-sector,Seed,US (Ohio),"$25K–$250K",https://www.ohiotechangels.com,,https://www.linkedin.com/company/ohio-techangel-funds,,,Ohio-based
Atlanta Technology Angels,Angel Group,Technology / Multi-sector,Seed / Early,US (Georgia),"$25K–$500K",https://www.angelatlanta.com,,https://www.linkedin.com/company/atlanta-technology-angels,,,Atlanta-based
VentureSouth,Angel Group,Technology / Multi-sector,Seed / Early,US (Southeast),"$25K–$500K",https://venturesouth.vc,,https://www.linkedin.com/company/venturesouth,,,Southeast US angel group
Cambridge Angels,Angel Group,Technology / Deep Tech,Seed / Early,UK,"£25K–£250K",https://cambridgeangels.com,,https://www.linkedin.com/company/cambridge-angels,,,UK-based
London Business Angels,Angel Group,Technology / Multi-sector,Seed / Early,UK,"£25K–£500K",https://www.lbangels.co.uk,,https://www.linkedin.com/company/london-business-angels,,,London-based
Angel Investment Network,Angel Group,Multi-sector,Seed / Early,Global,"Varies",https://www.angelinvestmentnetwork.co.uk,,https://www.linkedin.com/company/angel-investment-network,https://twitter.com/angelinvnetwork,,Online global angel network
European Business Angels Network (EBAN),Angel Group,Multi-sector,Seed / Early,Europe,"Varies",https://www.eban.org,,https://www.linkedin.com/company/eban,https://twitter.com/eaborban,,Pan-European angel network
Business Angels Netzwerk Deutschland (BAND),Angel Group,Technology / Multi-sector,Seed,Germany,"€25K–€250K",https://www.business-angels.de,,https://www.linkedin.com/company/band-business-angels-netzwerk-deutschland,,,German angel network
SeedInvest (on AngelList),Syndicate,Technology / Multi-sector,Seed / Early,US,"Varies",https://www.angellist.com,,https://www.linkedin.com/company/angellist,https://twitter.com/angellist,,Equity crowdfunding syndicate
AngelList Syndicates,Syndicate,Technology / Multi-sector,Seed / Early,Global,"Varies",https://www.angellist.com/syndicates,,https://www.linkedin.com/company/angellist,https://twitter.com/angellist,,Platform for angel syndicates
Calm Company Fund (via AngelList),Syndicate,Calm Companies / Bootstrappers,Seed,US / Global,"$100K–$500K",https://calmfund.com,,https://www.linkedin.com/company/calm-fund,https://twitter.com/thecaboralmfund,,Invests in sustainable businesses
Hustle Fund Angel Squad,Syndicate,Technology / Multi-sector,Pre-Seed / Seed,Global,"$1K–$5K per member",https://www.hustlefund.vc/angel-squad,,https://www.linkedin.com/company/hustle-fund,https://twitter.com/hustlefundvc,,Democratizing angel investing
Jason Calacanis LAUNCH Syndicate,Syndicate,Technology / Multi-sector,Seed / Early,US,"$200K–$1M",https://www.launch.co,,https://www.linkedin.com/company/launch-co,https://twitter.com/launch,,Jason Calacanis led
Syndicate One (Gil Penchina),Syndicate,Technology / Multi-sector,Seed / Early,US,"$200K–$2M",https://www.angellist.com,,https://www.linkedin.com/in/gilpenchina,https://twitter.com/gilpenchina,,Top AngelList syndicate lead
Cindy Bi Syndicate,Syndicate,Deep Tech / AI,Seed / Early,US,"$100K–$500K",https://www.angellist.com,,https://www.linkedin.com/in/cindybi,https://twitter.com/cindybiabortech,,Deep tech focused syndicate
The Syndicate (Matt Mazzeo),Syndicate,Consumer / Media,Seed / Early,US,"$100K–$500K",https://www.angellist.com,,https://www.linkedin.com/in/mazzeo,https://twitter.com/mazzeo,,Consumer/media focused
Naval Ravikant Syndicate,Syndicate,Technology / Multi-sector,Seed,US / Global,"Varies",https://www.angellist.com,,https://www.linkedin.com/in/navalravikant,https://twitter.com/naval,,AngelList co-founder's syndicate
Elad Gil Syndicate,Syndicate,Technology / Multi-sector,Seed / Early,US,"Varies",https://www.angellist.com,,https://www.linkedin.com/in/eladgil,https://twitter.com/eaborladgil,,Serial investor/operator
FJ Labs (Fabrice Grinda),Syndicate,Marketplace / Fintech,Seed to Series A,Global,"$100K–$500K",https://fjlabs.com,,https://www.linkedin.com/in/fabricegrinda,https://twitter.com/fabricegrinda,,500+ investments
Gaingels,Syndicate,LGBTQ+ / Multi-sector,Seed / Early,US / Global,"$50K–$500K",https://gaingels.com,,https://www.linkedin.com/company/gaingels,https://twitter.com/gaingels,,LGBTQ+ investor syndicate
Vitalize Venture Group,Syndicate,Multi-sector,Seed / Early,US,"$25K–$500K",https://www.vitalize.vc,,https://www.linkedin.com/company/vitalize-vc,https://twitter.com/vitalizeaborvc,,Community-driven syndicate
Unpopular Ventures,Syndicate,Contrarian / Multi-sector,Pre-Seed / Seed,Global,"$50K–$500K",https://unpopularventures.com,,https://www.linkedin.com/company/unpopular-ventures,https://twitter.com/unpaboropularvc,,Contrarian bets
The Council (via Republic),Syndicate,Technology / Web3,Seed,US / Global,"Varies",https://republic.com,,https://www.linkedin.com/company/republic,https://twitter.com/joinrepublic,,Republic's investor community
Assure Syndicates,Syndicate,Technology / Multi-sector,Seed / Early,US,"Varies",https://www.assure.co,,https://www.linkedin.com/company/assure-syndicates,,,SPV administration for syndicates
XFactor Ventures,Syndicate,Women-led / Technology,Pre-Seed / Seed,US,"$50K–$200K",https://xfactor.ventures,,https://www.linkedin.com/company/xfactor-ventures,https://twitter.com/xfaboractorvc,,Women investing in women
Precursor Ventures,Syndicate,Technology / Multi-sector,Pre-Seed,US,"$100K–$1M",https://precursorvc.com,,https://www.linkedin.com/company/precursor-ventures,https://twitter.com/precaborursorvc,,Charles Hudson's fund
Backstage Capital,Syndicate,Underrepresented Founders,Pre-Seed / Seed,US / Global,"$25K–$100K",https://backstagecapital.com,,https://www.linkedin.com/company/backstage-capital,https://twitter.com/backstageaborcap,,Arlan Hamilton's fund
Naval Ravikant,Individual Angel,Technology / Multi-sector,Seed / Angel,Global,"$25K–$500K",https://nav.al,,https://www.linkedin.com/in/navalravikant,https://twitter.com/naval,,AngelList co-founder
Ron Conway,Individual Angel,Technology / Multi-sector,Seed / Angel,US,"$25K–$250K",https://svangel.com,,https://www.linkedin.com/in/ronconway,,,Godfather of Silicon Valley angels
Esther Dyson,Individual Angel,Health / Technology,Seed / Angel,US / Global,"$25K–$250K",https://www.edyson.com,,https://www.linkedin.com/in/estherdyson,https://twitter.com/edyson,,Prolific tech investor
Marc Benioff,Individual Angel,Technology / Impact,Seed / Early,US,"$100K–$5M",https://www.benioff.com,,https://www.linkedin.com/in/marcbenioff,https://twitter.com/benioff,,Salesforce CEO
Ashton Kutcher,Individual Angel,Consumer / Technology,Seed / Early,US / Global,"$25K–$1M",https://www.sound.vc,,https://www.linkedin.com/in/ashtonkutcher,https://twitter.com/aplusk,,Sound Ventures co-founder
Alexis Ohanian,Individual Angel,Technology / Consumer,Seed / Early,US,"$25K–$1M",https://sevensevensix.com,,https://www.linkedin.com/in/alexisohanian,https://twitter.com/alexisohanian,,Reddit co-founder; 776 Fund
Reid Hoffman,Individual Angel,Technology / AI,Seed / Early,US / Global,"$100K–$5M",,https://www.linkedin.com/in/reidhoffman,https://www.linkedin.com/in/reidhoffman,https://twitter.com/reidhoffman,,LinkedIn co-founder
Chris Sacca,Individual Angel,Technology / Consumer / Climate,Seed / Early,US,"$25K–$2M",https://lowercarbon.com,,https://www.linkedin.com/in/chrissacca,https://twitter.com/sacca,,Lowercase Capital / Lowercarbon
Jason Calacanis,Individual Angel,Technology / Multi-sector,Seed / Angel,US,"$25K–$500K",https://calacanis.com,,https://www.linkedin.com/in/jasoncalacanis,https://twitter.com/jason,,LAUNCH founder
Tim Draper,Individual Angel,Technology / Bitcoin / Multi-sector,Seed to Series A,Global,"$100K–$5M",https://www.draper.vc,,https://www.linkedin.com/in/timdraper,https://twitter.com/timdraper,,DFJ / Draper Associates
Balaji Srinivasan,Individual Angel,Crypto / Network State / Technology,Seed / Angel,Global,"$25K–$500K",,https://www.linkedin.com/in/balajis,https://www.linkedin.com/in/balajis,https://twitter.com/balajis,,Former Coinbase CTO
Li Ka-Shing,Individual Angel,Technology / Multi-sector,Early to Growth,Global / Asia,"$1M–$50M",https://www.horizonsventures.com,,https://www.linkedin.com/company/horizons-ventures,,,Via Horizons Ventures
Fabrice Grinda,Individual Angel,Marketplace / Fintech,Seed to Series A,Global,"$100K–$500K",https://www.fabricegrinda.com,,https://www.linkedin.com/in/fabricegrinda,https://twitter.com/fabricegrinda,,500+ investments
Elad Gil,Individual Angel,Technology / Multi-sector,Seed / Early,US,"$100K–$5M",https://blog.eladgil.com,,https://www.linkedin.com/in/eladgil,https://twitter.com/eladgil,,High Growth Handbook author
Sahil Lavingia,Individual Angel,Creator Economy / SaaS,Pre-Seed / Seed,US / Global,"$25K–$250K",https://sahillavingia.com,,https://www.linkedin.com/in/sahillavingia,https://twitter.com/shl,,Gumroad founder
Cindy Mi,Individual Angel,EdTech / Consumer,Seed / Angel,China / Global,"$50K–$500K",,https://www.linkedin.com/in/cindymi,https://www.linkedin.com/in/cindymi,,,VIPKid founder
Kunal Shah,Individual Angel,Fintech / Consumer,Seed / Angel,India,"$25K–$500K",,https://www.linkedin.com/in/kunalshahcred,https://www.linkedin.com/in/kunalshahcred,https://twitter.com/kunalb11,,CRED founder; active India angel
Rajan Anandan,Individual Angel,Technology / Multi-sector,Seed / Angel,India / Southeast Asia,"$25K–$250K",,https://www.linkedin.com/in/rajananandan,https://www.linkedin.com/in/rajananandan,https://twitter.com/rajananandan,,Former Google India head; Sequoia Surge
Reshma Sohoni,Individual Angel,Deep Tech / Impact,Pre-Seed / Seed,Europe,"€25K–€250K",https://seedcamp.com,,https://www.linkedin.com/in/reshmasohoni,https://twitter.com/reshmasohoni,,Seedcamp co-founder
Taavet Hinrikus,Individual Angel,Fintech / Technology,Seed / Early,Europe / Global,"€50K–€500K",,https://www.linkedin.com/in/taavethinrikus,https://www.linkedin.com/in/taavethinrikus,https://twitter.com/taavet,,Wise (TransferWise) co-founder
Nikesh Arora,Individual Angel,Technology / Enterprise,Early Stage,US / India,"$100K–$5M",,https://www.linkedin.com/in/nikesharora,https://www.linkedin.com/in/nikesharora,https://twitter.com/nikaboresh,,Palo Alto Networks CEO
Parag Khanna,Individual Angel,Geopolitics / Technology,Seed / Angel,Global,"$25K–$250K",https://www.paragkhanna.com,,https://www.linkedin.com/in/paragkhanna,https://twitter.com/paragkhanna,,Author and strategist
Jeff Bezos (Bezos Expeditions),Individual Angel,Technology / Multi-sector,Seed to Growth,Global,"$100K–$100M+",https://www.bezosexpeditions.com,,https://www.linkedin.com/in/jeffbezos,,,Amazon founder; prolific angel
Mark Cuban,Individual Angel,Technology / AI / Sports Tech,Seed / Early,US,"$25K–$5M",https://markcuban.com,,https://www.linkedin.com/in/markcuban44,https://twitter.com/mcuban,,Shark Tank; Cost Plus Drugs
Gary Vaynerchuk,Individual Angel,Consumer / Media / Web3,Seed / Angel,US,"$25K–$500K",https://www.garyvaynerchuk.com,,https://www.linkedin.com/in/garyvaynerchuk,https://twitter.com/garyvee,https://www.youtube.com/@garyvee,VaynerMedia; VeeFriends
Cyan Banister,Individual Angel,Technology / Multi-sector,Seed / Angel,US,"$25K–$500K",,https://www.linkedin.com/in/cyanbanister,https://www.linkedin.com/in/cyanbanister,https://twitter.com/cyantist,,Prolific angel; formerly Founders Fund
Scott Belsky,Individual Angel,Design / Creative / Technology,Seed / Angel,US,"$25K–$500K",,https://www.linkedin.com/in/scottbelsky,https://www.linkedin.com/in/scottbelsky,https://twitter.com/scottbelsky,,Adobe CPO; Behance founder
Pia Mancini,Individual Angel,Civic Tech / Web3 / Open Source,Seed / Angel,Global,"$10K–$100K",https://www.piamancini.com,,https://www.linkedin.com/in/piamancini,https://twitter.com/piamancini,,Open Collective co-founder
Iconiq Capital,Family Office,Technology / Multi-sector,Growth,Global,"$10M–$200M+",https://www.iconiqcapital.com,,https://www.linkedin.com/company/iconiq-capital,,,Manages wealth for tech billionaires
Emerson Collective,Family Office,Technology / Education / Immigration / Climate,Seed to Growth,US / Global,"$1M–$50M+",https://www.emersoncollective.com,,https://www.linkedin.com/company/emerson-collective,https://twitter.com/emaborersoncollect,,Laurene Powell Jobs
Breakthrough Energy Ventures,Family Office,Climate / Clean Energy,Early to Growth,Global,"$5M–$50M",https://www.breakthroughenergy.org,,https://www.linkedin.com/company/breakthrough-energy,https://twitter.com/breaborakthrougheng,,Bill Gates led
Mousse Partners,Family Office,Consumer / Technology,Growth,US / Europe,"$5M–$50M",https://www.moussepartners.com,,https://www.linkedin.com/company/mousse-partners,,,Chanel family office
Bezos Expeditions,Family Office,Technology / Multi-sector,Seed to Growth,Global,"$100K–$100M+",https://www.bezosexpeditions.com,,,,,Jeff Bezos' personal investment vehicle
Vulcan Capital,Family Office,Technology / Real Estate / Impact,Multi-stage,US / Global,"$5M–$100M+",https://vulcan.com,,https://www.linkedin.com/company/vulcan-inc,https://twitter.com/vulcaninc,,Paul Allen estate
March Capital,Family Office,Technology / AI / Cybersecurity,Series A–B,US,"$5M–$25M",https://marchcp.com,,https://www.linkedin.com/company/march-capital-partners,https://twitter.com/marchaborcp,,LA-based family office / VC hybrid
Wadhwani Foundation,Family Office,Technology / Entrepreneurship,Seed / Early,India / Global,"$100K–$5M",https://www.wadhwanifoundation.org,,https://www.linkedin.com/company/wadhwani-foundation,https://twitter.com/wadhwani_f,,Romesh Wadhwani
Oprah Winfrey (Harpo),Family Office,Consumer / Media / Wellness,Seed to Growth,US,"$1M–$25M",,,,https://twitter.com/Oprah,,Selective investments via Harpo
Laurene Powell Jobs (Emerson Collective),Family Office,Education / Technology / Climate,Early to Growth,US / Global,"$1M–$50M",https://www.emersoncollective.com,,https://www.linkedin.com/company/emerson-collective,https://twitter.com/emersoncollect,,Steve Jobs' widow
Susquehanna Growth Equity,Family Office,Technology / Multi-sector,Growth,US / Global,"$10M–$100M+",https://sfrg.com,,https://www.linkedin.com/company/susquehanna-growth-equity,,,Yefet family
Blue Pool Capital,Family Office,Technology / Multi-sector,Growth,Asia / Global,"$10M–$100M+",https://www.bluepoolcap.com,,https://www.linkedin.com/company/blue-pool-capital,,,Jack Ma / Joe Tsai family office
Wefox Family Office (Horizons),Family Office,Insurtech / Fintech,Early to Growth,Europe,"€1M–€20M",,,,,,"European insurtech family office"
Hauser Private Equity (Wietlisbach),Family Office,Technology / Multi-sector,Growth,Europe / Global,"$5M–$50M",,,,,,Partners Group co-founder
RIT Capital Partners (Rothschild),Family Office,Technology / Multi-sector,Growth,Global,"$5M–$100M+",https://www.ritcap.com,,https://www.linkedin.com/company/rit-capital-partners,,,Rothschild family
Vy Capital,Family Office,Technology / Internet,Growth,Global,"$5M–$100M+",https://www.vycapital.com,,https://www.linkedin.com/company/vy-capital,,,Alexander Tamas' investment vehicle
Mumtalakat,Family Office,Technology / Multi-sector,Growth,MENA / Global,"$10M–$100M+",https://www.mumtalakat.bh,,https://www.linkedin.com/company/mumtalakat,,,Bahrain sovereign wealth / family office
Jebsen Group Family Office,Family Office,Technology / Consumer,Early to Growth,Hong Kong / Asia,"$1M–$20M",,,,,,Hong Kong-based family office
KIRKBI (LEGO Family),Family Office,Technology / Sustainability / Play,Growth,Europe / Global,"$5M–$50M",https://www.kirkbi.com,,https://www.linkedin.com/company/kirkbi,,,LEGO family holding company
Google Ventures (GV),CVC,Technology / Life Science / AI,Seed to Growth,US / Europe,"$100K–$50M",https://www.gv.com,,https://www.linkedin.com/company/gv,https://twitter.com/googleventaborures,https://www.youtube.com/@GVteam,Alphabet's venture arm
Salesforce Ventures,CVC,Enterprise / SaaS / AI,Seed to Growth,Global,"$500K–$100M+",https://www.salesforceventures.com,,https://www.linkedin.com/company/salesforce-ventures,https://twitter.com/salesforcevc,,World's largest cloud-focused CVC
Intel Capital,CVC,Semiconductors / AI / Cloud,Early to Growth,Global,"$1M–$50M",https://www.intelcapital.com,,https://www.linkedin.com/company/intel-capital,https://twitter.com/intelcapital,,One of the most active CVCs
Samsung NEXT,CVC,Technology / AI / Blockchain,Seed to Growth,Global,"$500K–$25M",https://www.samsungnext.com,,https://www.linkedin.com/company/samsung-next,https://twitter.com/samsungnext,,Samsung's innovation arm
Microsoft M12,CVC,Enterprise / AI / Infrastructure,Series A–C,Global,"$1M–$25M",https://m12.vc,,https://www.linkedin.com/company/m12vc,https://twitter.com/M12vc,,Microsoft's venture fund
Qualcomm Ventures,CVC,5G / IoT / AI / Automotive,Early to Growth,Global,"$500K–$25M",https://www.qualcommventures.com,,https://www.linkedin.com/company/qualcomm-ventures,https://twitter.com/qualcommventure,,Qualcomm's investment arm
Cisco Investments,CVC,Networking / Security / Infrastructure,Early to Growth,Global,"$1M–$50M",https://www.cisco.com/c/en/us/about/csr/impact/cisco-investments.html,,https://www.linkedin.com/company/cisco,https://twitter.com/cisco,,Cisco's venture arm
Nvidia GPU Ventures,CVC,AI / Deep Learning / Robotics,Early to Growth,Global,"$1M–$25M",https://www.nvidia.com,,https://www.linkedin.com/company/nvidia,https://twitter.com/nvidia,,Strategic AI investments
Amazon Alexa Fund,CVC,Voice / AI / Smart Home,Seed to Series B,Global,"$500K–$10M",https://developer.amazon.com/alexa-fund,,https://www.linkedin.com/company/amazon,https://twitter.com/alexafund,,Voice/AI focused
Comcast Ventures,CVC,Media / Enterprise / Connectivity,Seed to Growth,US,"$500K–$25M",https://comcastventures.com,,https://www.linkedin.com/company/comcast-ventures,https://twitter.com/comaborcastventures,,Comcast's venture arm
Sapphire Sport (SAP),CVC,Sport / Technology,Seed to Series B,US / Europe,"$500K–$10M",https://sapphire.vc,,https://www.linkedin.com/company/sapphire-ventures,https://twitter.com/sapphirevc,,SAP ecosystem
Robert Bosch Venture Capital,CVC,Industrial IoT / Mobility / Energy,Early to Growth,Europe / Global,"€500K–€20M",https://www.rbvc.com,,https://www.linkedin.com/company/robert-bosch-venture-capital,https://twitter.com/boschaborvc,,Bosch's venture arm
BMW i Ventures,CVC,Mobility / Sustainability / Supply Chain,Early to Growth,US / Europe,"$500K–$25M",https://www.bmwiventures.com,,https://www.linkedin.com/company/bmw-i-ventures,https://twitter.com/bmwiventures,,BMW's venture fund
Porsche Ventures,CVC,Mobility / AI / Web3,Seed to Growth,US / Europe,"$500K–$20M",https://ventures.porsche.com,,https://www.linkedin.com/company/porsche-ventures,https://twitter.com/porsche_vc,,Porsche's strategic VC
Siemens Venture Capital (SVC),CVC,Industrial Tech / Energy / Health,Early to Growth,Europe / Global,"€1M–€20M",https://new.siemens.com/global/en/company/venture-capital.html,,https://www.linkedin.com/company/siemens,,,Siemens industrial focus
Citi Ventures,CVC,Fintech / Commerce / Data,Early to Growth,Global,"$1M–$25M",https://www.citigroup.com/global/our-impact/innovation/citi-ventures,,https://www.linkedin.com/company/citi-ventures,https://twitter.com/citiaborventures,,Citibank's venture arm
American Express Ventures,CVC,Fintech / Commerce / Travel,Early to Growth,US / Global,"$1M–$15M",https://www.americanexpress.com/ventures,,https://www.linkedin.com/company/american-express,,,Amex's venture arm
Visa Ventures,CVC,Fintech / Payments / Commerce,Early to Growth,Global,"$1M–$25M",https://usa.visa.com/about-visa/visa-ventures.html,,https://www.linkedin.com/company/visa,https://twitter.com/visa,,Visa's strategic fund
Mastercard Start Path (Strategic Investments),CVC,Fintech / Payments / Crypto,Early to Growth,Global,"$500K–$15M",https://www.mastercard.com/startpath,,https://www.linkedin.com/company/mastercard,https://twitter.com/mastercard,,Mastercard's startup engagement
Alphabet / CapitalG,CVC,Technology / AI / Healthcare,Growth,Global,"$10M–$100M+",https://www.capitalg.com,,https://www.linkedin.com/company/capitalg,https://twitter.com/capitalg,,Alphabet's growth fund
Slack Fund (Salesforce),CVC,Workplace / Collaboration / SaaS,Seed to Series B,US / Global,"$250K–$5M",https://slack.com/fund,,https://www.linkedin.com/company/slack,https://twitter.com/slackaborhq,,Now under Salesforce umbrella
Workday Ventures,CVC,Enterprise / HR / Finance,Early Stage,US,"$1M–$10M",https://www.workday.com/en-us/company/workday-ventures.html,,https://www.linkedin.com/company/workday,https://twitter.com/workday,,Workday's venture arm
Aramco Ventures,CVC,Energy / Sustainability / Deeptech,Early to Growth,Global / MENA,"$5M–$50M",https://www.aramcoventures.com,,https://www.linkedin.com/company/saudi-aramco-energy-ventures,,,Saudi Aramco's venture arm
LG Technology Ventures,CVC,AI / Robotics / Energy,Early to Growth,Global / Korea,"$1M–$20M",https://www.lgtechventures.com,,https://www.linkedin.com/company/lg-technology-ventures,,,LG's venture arm
Sony Innovation Fund,CVC,Entertainment / AI / Robotics,Seed to Growth,Global / Japan,"$500K–$10M",https://www.sonyinnovationfund.com,,https://www.linkedin.com/company/sony-innovation-fund,,,Sony's venture arm
Mitsubishi UFJ Capital,CVC,Technology / Fintech / Healthcare,Early to Growth,Japan / Global,"$500K–$20M",https://www.mucap.co.jp/en/,,https://www.linkedin.com/company/mitsubishi-ufj-capital,,,Japan's major banking CVC
Tencent Investment,CVC,Gaming / Social / Fintech / AI,Early to Growth,Global / China,"$1M–$500M+",https://www.tencent.com,,https://www.linkedin.com/company/tencent,https://twitter.com/taborencent,,One of world's most active CVCs
Baidu Ventures,CVC,AI / Autonomous Driving,Early to Growth,China / US,"$1M–$20M",https://ventures.baidu.com,,https://www.linkedin.com/company/baidu-ventures,,,Baidu's AI-focused fund
Leapfrog Investments,CVC,Financial Inclusion / Health,Growth,Emerging Markets,"$5M–$50M",https://leapfroginvest.com,,https://www.linkedin.com/company/leapfrog-investments,https://twitter.com/leapaborfrognvst,,Impact investing in emerging marketsAndreessen Horowitz Bio Fund (a16z Bio),VC,Biotech / Healthcare / Bio,Seed to Growth,US / Global,"$1M–$50M",https://a16z.com/bio,,https://www.linkedin.com/company/a16z,https://twitter.com/a16z,,a16z's dedicated bio fund
General Atlantic,VC,Technology / Healthcare / Consumer,Growth,Global,"$25M–$500M+",https://www.generalatlantic.com,,https://www.linkedin.com/company/general-atlantic,https://twitter.com/generalatlantic,,Global growth equity
Warburg Pincus,VC,Technology / Healthcare / Energy,Growth,Global,"$25M–$500M+",https://www.warburgpincus.com,,https://www.linkedin.com/company/warburg-pincus,,,Growth equity; 60+ years
Greenoaks Capital,VC,Technology / Fintech,Growth,Global,"$10M–$100M+",https://www.greenoakscap.com,,https://www.linkedin.com/company/greenoaks-capital,,,Growth-stage technology
Radical Ventures,VC,AI / Deep Tech,Seed to Growth,Canada / Global,"$1M–$50M",https://radical.vc,,https://www.linkedin.com/company/radical-ventures,https://twitter.com/radical_vc,,AI-focused; backed Geoffrey Hinton's lab
