Name,Type,Sector Focus,Stage,Geographic Focus,Check Size,Lead/Follow,Website,Pitch URL,LinkedIn,Twitter,YouTube,Notable Portfolio,Application Type,Diversity Focus,Notes
Sequoia Capital,VC,Technology / Multi-sector,Seed to Growth,Global,$100K–$100M+,Lead,https://www.sequoiacap.com,https://www.sequoiacap.com/pitch/,https://www.linkedin.com/company/sequoia-capital,https://twitter.com/sequoia,https://www.youtube.com/@sequoiacapital,"Apple, Google, Airbnb",Open Application,No specific focus,Legendary Silicon Valley firm
Andreessen Horowitz (a16z),VC,Technology / Crypto / Bio,Seed to Growth,Global,$500K–$100M+,Lead,https://a16z.com,https://a16z.com/pitching/,https://www.linkedin.com/company/a16z,https://twitter.com/a16z,https://www.youtube.com/@a16z,"Facebook, GitHub, Coinbase",Open Application,Yes — Cultural Leadership Fund for Black & Latino founders,Known for bold bets and media presence
Accel,VC,Technology / SaaS / Fintech,Early to Growth,Global,$1M–$100M,Lead,https://www.accel.com,,https://www.linkedin.com/company/accel,https://twitter.com/acaborrel,,"Facebook, Slack, Dropbox",Warm Intro Recommended,No specific focus,Backed Facebook and Slack
Benchmark,VC,Technology / Marketplace,Early Stage,US / Global,$5M–$25M,Lead,https://www.benchmark.com,,https://www.linkedin.com/company/benchmark-capital,https://twitter.com/benchmark,,"Uber, Twitter, eBay",Warm Intro Recommended,No specific focus,Equal partnership model
Kleiner Perkins,VC,Technology / Climate / Health,Early to Growth,US / Global,$1M–$50M,Lead,https://www.kleinerperkins.com,,https://www.linkedin.com/company/kleiner-perkins,https://twitter.com/kleinerperkins,,"Google, Amazon, Genentech",Warm Intro Recommended,Yes — Fellows program promotes diversity,Pioneered cleantech investing
Lightspeed Venture Partners,VC,Enterprise / Consumer / Health,Early to Growth,Global,$1M–$100M,Lead,https://lsvp.com,,https://www.linkedin.com/company/lightspeed-venture-partners,https://twitter.com/lightaborspeedvp,,"Snap, Affirm, Mulesoft",Warm Intro Recommended,No specific focus,Multi-stage global fund
Greylock Partners,VC,Enterprise / Consumer Tech,Early Stage,US / Global,$1M–$25M,Lead,https://greylock.com,,https://www.linkedin.com/company/greylock-partners,https://twitter.com/graboreylock,,"LinkedIn, Airbnb, Discord",Warm Intro Recommended,No specific focus,Focus on network-effect businesses
Index Ventures,VC,Technology / Fintech / Gaming,Seed to Growth,US / Europe,$1M–$100M,Lead,https://www.indexventures.com,,https://www.linkedin.com/company/index-ventures,https://twitter.com/indexventures,https://www.youtube.com/@indexventures,"Dropbox, Figma, Roblox",Warm Intro Recommended,No specific focus,Dual US-Europe presence
Founders Fund,VC,Deep Tech / Frontier Tech,Seed to Growth,US / Global,$500K–$100M,Lead,https://foundersfund.com,,https://www.linkedin.com/company/founders-fund,https://twitter.com/foundersfund,,"SpaceX, Palantir, Stripe",Warm Intro Recommended,No specific focus,Peter Thiel's fund
NEA (New Enterprise Associates),VC,Technology / Healthcare,Seed to Growth,Global,$250K–$100M+,Lead,https://www.nea.com,,https://www.linkedin.com/company/new-enterprise-associates,https://twitter.com/naborea,,"Salesforce, Uber, Cloudflare",Warm Intro Recommended,No specific focus,One of the largest VC funds globally
General Catalyst,VC,Technology / Health / Fintech,Seed to Growth,Global,$500K–$100M+,Lead,https://www.generalcatalyst.com,,https://www.linkedin.com/company/general-catalyst-partners,https://twitter.com/gcvp,,"Stripe, Snap, HubSpot",Warm Intro Recommended,No specific focus,Known for Responsible Innovation
Bessemer Venture Partners,VC,Cloud / Healthcare / Consumer,Seed to Growth,Global,$500K–$100M,Lead,https://www.bvp.com,,https://www.linkedin.com/company/bessemer-venture-partners,https://twitter.com/bessemeraborvp,https://www.youtube.com/@BessemerVP,"Shopify, Twilio, LinkedIn",Warm Intro Recommended,No specific focus,Famous Anti-Portfolio page
GGV Capital (now Granite Asia),VC,Technology / Consumer,Early to Growth,US / Asia,$1M–$50M,Lead,https://www.ggvc.com,,https://www.linkedin.com/company/ggv-capital,https://twitter.com/ggvcapital,,"Alibaba, Grab, Slack",Warm Intro Recommended,No specific focus,Rebranded — US and Asia focus
Insight Partners,VC,Software / Technology,Growth,Global,$10M–$500M+,Lead,https://www.insightpartners.com,,https://www.linkedin.com/company/insight-partners,https://twitter.com/insaborightpartners,,"Twitter, Shopify, SemRush",Warm Intro Recommended,No specific focus,Software-focused growth investor
Tiger Global Management,VC,Technology / Internet,Growth,Global,$10M–$500M+,Lead,https://www.tigerglobal.com,,https://www.linkedin.com/company/tiger-global-management,,,"Stripe, Flipkart, Instacart",Warm Intro Recommended,No specific focus,Known for rapid deal-making
Coatue Management,VC,Technology / TMT,Growth,Global,$5M–$200M+,Lead,https://www.coatue.com,,https://www.linkedin.com/company/coatue-management,https://twitter.com/coaboratue,,"Snap, DoorDash, Chime",Warm Intro Recommended,No specific focus,Crossover public/private investor
Battery Ventures,VC,Technology / Enterprise,Early to Growth,US / Global,$1M–$50M,Lead,https://www.battery.com,,https://www.linkedin.com/company/battery-ventures,https://twitter.com/batteryventures,,"Groupon, Wayfair, Coinbase",Warm Intro Recommended,No specific focus,Enterprise and infrastructure focus
IVP (Institutional Venture Partners),VC,Technology / Consumer,Late Stage / Growth,US,$10M–$100M,Lead,https://www.ivp.com,,https://www.linkedin.com/company/institutional-venture-partners,https://twitter.com/ivp,,"Twitter, Snap, Dropbox",Warm Intro Recommended,No specific focus,Late-stage specialist
Union Square Ventures,VC,Web3 / Marketplace / Climate,Early Stage,US / Global,$1M–$25M,Lead,https://www.usv.com,https://www.usv.com/writing/submit/,https://www.linkedin.com/company/union-square-ventures,https://twitter.com/usaborv,,"Twitter, Etsy, Coinbase",Open Application,No specific focus,Thesis-driven investing
First Round Capital,VC,Technology / Multi-sector,Pre-Seed / Seed,US,$250K–$5M,Lead,https://firstround.com,,https://www.linkedin.com/company/first-round-capital,https://twitter.com/firstround,https://www.youtube.com/@FirstRoundCapital,"Uber, Square, Notion",Warm Intro Recommended,No specific focus,Community-driven seed fund
Khosla Ventures,VC,Deep Tech / Climate / Health,Seed to Growth,US / Global,$500K–$50M,Lead,https://www.khoslaventures.com,,https://www.linkedin.com/company/khosla-ventures,https://twitter.com/khaboroslaventures,,"Square, Stripe, DoorDash",Warm Intro Recommended,No specific focus,Vinod Khosla's fund — bold bets
Spark Capital,VC,Consumer / Enterprise / Crypto,Early Stage,US,$1M–$25M,Lead,https://www.sparkcapital.com,,https://www.linkedin.com/company/spark-capital,https://twitter.com/sparkcapital,,"Twitter, Slack, Oculus",Warm Intro Recommended,No specific focus,Backed Twitter and Slack
Redpoint Ventures,VC,Enterprise / Infrastructure,Early to Growth,US / Global,$1M–$50M,Lead,https://www.redpoint.com,,https://www.linkedin.com/company/redpoint-ventures,https://twitter.com/redaborpointvc,,"Netflix, Stripe, Snowflake",Warm Intro Recommended,No specific focus,Infrastructure and cloud focus
Ribbit Capital,VC,Fintech,Early to Growth,Global,$1M–$50M,Lead,https://ribbitcap.com,,https://www.linkedin.com/company/ribbit-capital,https://twitter.com/ribbitcap,,"Robinhood, Coinbase, Nubank",Warm Intro Recommended,No specific focus,Fintech specialist
Felicis Ventures,VC,Technology / Climate / Health,Seed to Series B,US / Global,$500K–$25M,Lead,https://www.felicis.com,,https://www.linkedin.com/company/felicis-ventures,https://twitter.com/felicis,,"Shopify, Credit Karma, Adyen",Warm Intro Recommended,No specific focus,Aydin Senkut's fund
Craft Ventures,VC,SaaS / Fintech / Crypto,Seed to Series B,US,$1M–$25M,Lead,https://www.craftventures.com,,https://www.linkedin.com/company/craft-ventures,https://twitter.com/craftaborventures,,"Tesla, SpaceX, Bird",Warm Intro Recommended,No specific focus,David Sacks' fund
Lux Capital,VC,Deep Tech / Science / Frontier,Seed to Growth,US / Global,$500K–$50M,Lead,https://www.luxcapital.com,,https://www.linkedin.com/company/lux-capital,https://twitter.com/luxcapital,,"Anduril, Desktop Metal,Evolv",Warm Intro Recommended,No specific focus,Science-backed ventures
Initialized Capital,VC,Technology / Multi-sector,Pre-Seed / Seed,US,$250K–$5M,Lead,https://initialized.com,,https://www.linkedin.com/company/initialized-capital,https://twitter.com/initialized,,"Coinbase, Instacart, Cruise",Warm Intro Recommended,No specific focus,Garry Tan's early fund
Thrive Capital,VC,Technology / Consumer / Enterprise,Early to Growth,US,$1M–$100M,Lead,https://www.thrivecap.com,,https://www.linkedin.com/company/thrive-capital,,,"Instagram, Spotify, Robinhood",Warm Intro Recommended,No specific focus,Josh Kushner's fund
SV Angel,VC,Technology / Multi-sector,Seed / Angel,US,$100K–$1M,Follow,https://svangel.com,,https://www.linkedin.com/company/sv-angel,https://twitter.com/svaborangel,,"Google, Airbnb, Pinterest",Warm Intro Recommended,No specific focus,Ron Conway's vehicle
Y Combinator (Continuity),VC,Technology / Multi-sector,Growth,Global,$500K–$100M+,Lead,https://www.ycombinator.com,,https://www.linkedin.com/company/y-combinator,https://twitter.com/ycombinator,https://www.youtube.com/@ycombinator,"Stripe, Airbnb, DoorDash",Warm Intro Recommended,No specific focus,YC's growth fund
Atomico,VC,Technology / Deep Tech,Series A to Growth,Europe / Global,$1M–$100M,Lead,https://www.atomico.com,,https://www.linkedin.com/company/atomico,https://twitter.com/atomico,,"Supercell, Klarna, Graphcore",Warm Intro Recommended,No specific focus,Niklas Zennström (Skype founder)
Balderton Capital,VC,Technology / Multi-sector,Series A to Growth,Europe,$1M–$50M,Lead,https://www.balderton.com,,https://www.linkedin.com/company/balderton-capital,https://twitter.com/balaboraderton,,"Revolut, Citymapper, Nutmeg",Warm Intro Recommended,No specific focus,Europe's leading VC
Northzone,VC,Technology / Fintech / Consumer,Early to Growth,Europe / Global,$1M–$50M,Lead,https://northzone.com,,https://www.linkedin.com/company/northzone,https://twitter.com/northzone,,"Spotify, iZettle, Trustpilot",Warm Intro Recommended,No specific focus,Backed Spotify
Acton Capital,VC,Internet / Marketplace,Series A to Growth,Europe,$5M–$50M,Lead,https://actoncapital.com,,https://www.linkedin.com/company/acton-capital,https://twitter.com/actoncapital,,"HomeToGo, Staffbase, Booksy",Warm Intro Recommended,No specific focus,Munich-based
EQT Ventures,VC,Technology / Multi-sector,Seed to Series B,Europe / Global,$1M–$25M,Lead,https://eqtventures.com,,https://www.linkedin.com/company/eqt-ventures,https://twitter.com/eqtventures,,"Einride, Voi, Epidemic Sound",Warm Intro Recommended,No specific focus,Part of EQT Group
Creandum,VC,Technology / SaaS / Fintech,Seed to Series A,Nordics / Europe,$500K–$15M,Lead,https://www.creandum.com,,https://www.linkedin.com/company/creandum,https://twitter.com/craboreandum,,"Spotify, Klarna, Trade Republic",Warm Intro Recommended,No specific focus,Backed Spotify and Klarna
Cherry Ventures,VC,Technology / Consumer / SaaS,Pre-Seed to Series A,Europe,$500K–$10M,Lead,https://cherry.vc,,https://www.linkedin.com/company/cherry-ventures,https://twitter.com/cherryventures,,"Flixbus, Auto1, Taxfix",Warm Intro Recommended,No specific focus,Berlin-based early stage
Earlybird Venture Capital,VC,Technology / Digital Health,Early to Growth,Europe,$500K–$25M,Lead,https://earlybird.com,,https://www.linkedin.com/company/earlybird-venture-capital,https://twitter.com/earlaborybirdvc,,"UiPath, Wefox, Peak",Warm Intro Recommended,No specific focus,Pan-European VC
Lakestar,VC,Technology / Fintech,Early to Growth,Europe,$1M–$50M,Lead,https://www.lakestar.com,,https://www.linkedin.com/company/lakestar,https://twitter.com/lakestar,,"Spotify, Revolut, Skype",Warm Intro Recommended,No specific focus,Backed Spotify
Target Global,VC,Fintech / Mobility / Enterprise,Early to Growth,Europe / Israel,$1M–$50M,Lead,https://www.targetglobal.vc,,https://www.linkedin.com/company/target-global,https://twitter.com/targetglobal,,"Auto1, Delivery Hero, Rapyd",Warm Intro Recommended,No specific focus,Berlin and Tel Aviv
83North,VC,Technology / Enterprise,Series A to Growth,Europe / Israel,$5M–$50M,Lead,https://www.83north.com,,https://www.linkedin.com/company/83north,https://twitter.com/83northVC,,"Wix, ironSource, JFrog",Warm Intro Recommended,No specific focus,Formerly Greylock IL
Partech,VC,Technology / Multi-sector,Seed to Growth,Europe / Africa,$200K–$50M,Lead,https://partechpartners.com,,https://www.linkedin.com/company/partech-partners,https://twitter.com/partechaborpartners,,"Bolt, Deezer, ManoMano",Warm Intro Recommended,No specific focus,Paris-based; Africa fund too
Sofina,VC,Technology / Consumer / Education,Growth,Europe / Global,$10M–$100M+,Follow,https://www.sofina.com,,https://www.linkedin.com/company/sofina,,,"Byju's, Delivery Hero, Flixbus",Warm Intro Recommended,No specific focus,Belgian investment company
HV Capital,VC,Technology / Multi-sector,Seed to Growth,Europe,$500K–$50M,Lead,https://www.hvcapital.com,,https://www.linkedin.com/company/hv-capital,https://twitter.com/hv_capital,,"Zalando, FlixBus, SumUp",Warm Intro Recommended,No specific focus,German VC (formerly Holtzbrinck)
Seedcamp,VC,Technology / Multi-sector,Pre-Seed / Seed,Europe,$100K–$2M,Lead,https://seedcamp.com,,https://www.linkedin.com/company/seedcamp,https://twitter.com/seedaborcamp,,"Revolut, UiPath, Wise",Warm Intro Recommended,No specific focus,Europe's leading pre-seed fund
LocalGlobe,VC,Technology / Multi-sector,Seed to Series A,Europe,$250K–$10M,Lead,https://localglobe.vc,,https://www.linkedin.com/company/localglobe,https://twitter.com/localglobe,,"Revolut, TransferWise, Improbable",Warm Intro Recommended,No specific focus,London-based seed fund
Octopus Ventures,VC,Deep Tech / Health / Fintech,Early Stage,UK / Europe,$500K–$10M,Lead,https://octopusventures.com,,https://www.linkedin.com/company/octopus-ventures,https://twitter.com/octaboropusvc,,"Zoopla, Secret Escapes, Depop",Warm Intro Recommended,No specific focus,Part of Octopus Group
SoftBank Vision Fund,VC,Technology / AI / Mobility,Growth,Global,$50M–$1B+,Lead,https://visionfund.com,,https://www.linkedin.com/company/softbank-vision-fund,https://twitter.com/softbank,,"Uber, WeWork, DoorDash",Warm Intro Recommended,No specific focus,Massive growth fund
SoftBank Asia (SB Opportunity Fund),VC,Technology / Multi-sector,Early to Growth,Asia,$5M–$100M,Lead,https://group.softbank/en,,https://www.linkedin.com/company/softbank-group,https://twitter.com/SoftBank,,"Grab, Tokopedia, GoTo",Warm Intro Recommended,No specific focus,Asia-focused arm
Hillhouse Capital,VC,Technology / Consumer / Healthcare,Growth,China / Asia,$10M–$500M+,Lead,https://www.hillhousecap.com,,https://www.linkedin.com/company/hillhouse-capital,,,"Tencent, JD.com, Zoom",Warm Intro Recommended,No specific focus,Major China tech investor
Sequoia Capital China / HongShan,VC,Technology / Consumer / Healthcare,Seed to Growth,China / Southeast Asia,$500K–$100M+,Lead,https://www.hongshan.com,,https://www.linkedin.com/company/hongshan-capital,,,"ByteDance, Meituan, Pinduoduo",Warm Intro Recommended,No specific focus,Spun out from Sequoia in 2023
GIC Ventures,VC,Technology / Multi-sector,Growth,Global,$50M–$500M+,Follow,https://www.gic.com.sg,,https://www.linkedin.com/company/gic,,,"Alibaba, Facebook, Airbnb",Warm Intro Recommended,No specific focus,Singapore sovereign wealth
Temasek,VC,Technology / Multi-sector,Growth,Global,$50M–$500M+,Follow,https://www.temasek.com.sg,,https://www.linkedin.com/company/temasek,https://twitter.com/teabormasekaborhldgs,,"Alibaba, Ant Group, PayPal",Warm Intro Recommended,No specific focus,Singapore state investor
Vertex Ventures,VC,Technology / Healthcare,Early to Growth,Southeast Asia / Global,$1M–$20M,Lead,https://www.vertexventures.com,,https://www.linkedin.com/company/vertex-ventures,,,"Grab, PatSnap, FirstCry",Warm Intro Recommended,No specific focus,Temasek-linked early stage VC
Jungle Ventures,VC,Technology / SaaS / Consumer,Series A–B,Southeast Asia,$2M–$20M,Lead,https://www.jungleventures.com,,https://www.linkedin.com/company/jungle-ventures,https://twitter.com/junglevc,,"Kredivo, Moglix, Sociolla",Warm Intro Recommended,No specific focus,Singapore-based
Golden Gate Ventures,VC,Technology / Fintech,Seed to Series A,Southeast Asia,$250K–$5M,Lead,https://goldengatevaborentures.com,,https://www.linkedin.com/company/golden-gate-ventures,https://twitter.com/goldgateven,,"Carousell, ShopBack, Carro",Warm Intro Recommended,No specific focus,Singapore-based
East Ventures,VC,Technology / Consumer,Seed to Series A,Southeast Asia / Indonesia,$100K–$5M,Lead,https://east.vc,,https://www.linkedin.com/company/east-ventures,https://twitter.com/eastventures,,"Tokopedia, Traveloka, Ruangguru",Warm Intro Recommended,No specific focus,Jakarta-based
Matrix Partners India (Z47 India),VC,Technology / Consumer / SaaS,Early to Growth,India,$1M–$30M,Lead,https://www.matrixpartners.in,,https://www.linkedin.com/company/matrix-partners-india,https://twitter.com/matrixaborpartnersin,,"Ola, Razorpay, Quikr",Warm Intro Recommended,No specific focus,Rebranded; top India VC
Accel India,VC,Technology / SaaS / Consumer,Seed to Growth,India,$500K–$100M,Lead,https://www.accel.com/india,,https://www.linkedin.com/company/accel,https://twitter.com/accel,,"Flipkart, Freshworks, Swiggy",Warm Intro Recommended,No specific focus,India arm of Accel
Elevation Capital,VC,Technology / Consumer / Fintech,Early to Growth,India,$1M–$25M,Lead,https://www.elevationcap.com,,https://www.linkedin.com/company/elevation-capital,https://twitter.com/elevationcap,,"Paytm, Swiggy, Unacademy",Warm Intro Recommended,No specific focus,Formerly SAIF Partners India
Blume Ventures,VC,Technology / Multi-sector,Pre-Seed to Series A,India,$100K–$5M,Lead,https://blume.vc,,https://www.linkedin.com/company/blume-ventures,https://twitter.com/blumeaborventures,,"Unacademy, Purplle, slice",Warm Intro Recommended,No specific focus,India early-stage VC
Chiratae Ventures,VC,Technology / Healthcare / SaaS,Early to Growth,India,$500K–$20M,Lead,https://www.chiratae.com,,https://www.linkedin.com/company/chiratae-ventures,https://twitter.com/chirataevc,,"Myntra, Lenskart, Policybazaar",Warm Intro Recommended,No specific focus,Formerly IDG Ventures India
Peak XV Partners,VC,Technology / Consumer,Seed to Growth,India / Southeast Asia,$500K–$100M,Lead,https://peakxv.com,,https://www.linkedin.com/company/peakxvpartners,https://twitter.com/peakxvpartners,,"Byju's, Zomato, Ola",Warm Intro Recommended,No specific focus,Formerly Sequoia India
Kaszek Ventures,VC,Technology / Fintech / E-commerce,Seed to Growth,Latin America,$500K–$50M,Lead,https://www.kaszek.com,,https://www.linkedin.com/company/kaszek,https://twitter.com/kaszaborek,,"Nubank, Kavak, Creditas",Warm Intro Recommended,No specific focus,Largest LATAM-focused VC
Monashees,VC,Technology / Fintech / Health,Early to Growth,Latin America,$500K–$25M,Lead,https://www.monashees.com.br,,https://www.linkedin.com/company/monashees,https://twitter.com/monashees,,"Nubank, Rappi, Loggi",Warm Intro Recommended,No specific focus,Brazil-based VC
SoftBank Latin America Fund,VC,Technology / Multi-sector,Growth,Latin America,$10M–$200M,Lead,https://latinamericafund.com,,https://www.linkedin.com/company/softbank-latin-america-fund,,,"Rappi, MadeiraMadeira, Gympass",Warm Intro Recommended,No specific focus,LATAM growth fund
Valor Capital Group,VC,Technology / Fintech,Early to Growth,Latin America / US,$1M–$25M,Lead,https://valorcapitalgroup.com,,https://www.linkedin.com/company/valor-capital-group,https://twitter.com/valoraborcp,,"Loft, CloudWalk, Nuvemshop",Warm Intro Recommended,No specific focus,Cross-border LATAM-US
ALLVP,VC,Technology / Multi-sector,Seed to Series A,Latin America / Mexico,$250K–$5M,Lead,https://allvp.vc,,https://www.linkedin.com/company/allvp,https://twitter.com/allvp,,"Kavak, Clip, Bitso",Warm Intro Recommended,No specific focus,Mexico City-based
QED Investors,VC,Fintech,Early to Growth,Global,$3M–$50M,Lead,https://www.qedinvestors.com,,https://www.linkedin.com/company/qed-investors,https://twitter.com/qedinvestors,,"Nubank, Credit Karma, SoFi",Warm Intro Recommended,No specific focus,Fintech specialist
Partech Africa,VC,Technology / Multi-sector,Seed to Series A,Africa,$200K–$10M,Lead,https://partechpartners.com/africa,,https://www.linkedin.com/company/partech-partners,https://twitter.com/partechpartners,,"Wave, TradeDepot, Yoco",Warm Intro Recommended,No specific focus,Paris-based with Africa fund
TLcom Capital,VC,Technology / Multi-sector,Seed to Series A,Africa,$500K–$10M,Lead,https://www.tlcomcapital.com,,https://www.linkedin.com/company/tlcom-capital,https://twitter.com/tlaborcomcapital,,"Andela, Twiga Foods, uLesson",Warm Intro Recommended,No specific focus,Africa-focused VC
Novastar Ventures,VC,Impact / Technology,Seed to Series A,East Africa,$250K–$5M,Lead,https://novastarventures.com,,https://www.linkedin.com/company/novastar-ventures,https://twitter.com/novastarvc,,"Poa Internet, Komaza, iProcure",Warm Intro Recommended,Yes — Impact investing for underserved communities,Impact investing in Africa
CRE Venture Capital,VC,Technology / Fintech,Early Stage,Africa,$100K–$5M,Lead,https://creventurecapital.com,,https://www.linkedin.com/company/cre-venture-capital,,,"Kobo360, Helium Health, Autochek",Warm Intro Recommended,No specific focus,Africa early stage
Algebra Ventures,VC,Technology / Multi-sector,Seed to Series A,MENA / Egypt,$250K–$5M,Lead,https://algebraventures.com,,https://www.linkedin.com/company/algebra-ventures,https://twitter.com/algebraaborvc,,"Swvl, Halan, Brimore",Warm Intro Recommended,No specific focus,Cairo-based
BECO Capital,VC,Technology / Multi-sector,Seed to Series A,MENA / UAE,$500K–$5M,Lead,https://www.becocapital.com,,https://www.linkedin.com/company/beco-capital,https://twitter.com/becocapital,,"Careem, Kitopi, Fetchr",Warm Intro Recommended,No specific focus,Dubai-based VC
Wamda Capital,VC,Technology / Multi-sector,Early to Growth,MENA,$500K–$10M,Lead,https://www.wamda.com/capital,,https://www.linkedin.com/company/wamda-capital,https://twitter.com/wamdacapital,,"Careem, Anghami, Bayzat",Warm Intro Recommended,No specific focus,MENA ecosystem builder
Global Founders Capital,VC,Technology / Multi-sector,Seed to Series A,Global,$250K–$5M,Lead,https://globalfounderscapital.com,,https://www.linkedin.com/company/global-founders-capital,https://twitter.com/gaborfc,,"Trivago, HelloFresh, Traveloka",Warm Intro Recommended,No specific focus,Rocket Internet affiliated
500 Global,VC,Technology / Multi-sector,Pre-Seed to Seed,Global,$50K–$250K,Follow,https://500.co,https://500.co/accelerator,https://www.linkedin.com/company/500global,https://twitter.com/500Global,https://www.youtube.com/@500startups,"Canva, Grab, Talkdesk",Open Application,Yes — Diversity-focused programs globally,Accelerator + fund
Plug and Play Tech Center,VC,Technology / Multi-sector,Seed,Global,$50K–$500K,Follow,https://www.plugandplaytechcenter.com,,https://www.linkedin.com/company/plug-and-play-tech-center,https://twitter.com/PlugandPlayTC,https://www.youtube.com/@PlugandPlayTechCenter,"PayPal, Dropbox, LendingClub",Warm Intro Recommended,No specific focus,Corporate innovation + VC
Antler,VC,Technology / Multi-sector,Pre-Seed,Global,$100K–$250K,Lead,https://www.antler.co,https://www.antler.co/apply,https://www.linkedin.com/company/antler,https://twitter.com/AntlerGlobal,https://www.youtube.com/@AntlerGlobal,Several early-stage globally,Open Application,Yes — Actively recruits diverse founders globally,Day-zero investor
Techstars Ventures,VC,Technology / Multi-sector,Seed,Global,$120K,Follow,https://www.techstars.com,,https://www.linkedin.com/company/techstars,https://twitter.com/techaborstars,https://www.youtube.com/@Techstars,"SendGrid, DigitalOcean, Sphero",Warm Intro Recommended,Yes — Multiple diversity-focused accelerator programs,Accelerator-linked fund
Headline (formerly e.ventures),VC,Technology / Multi-sector,Seed to Series B,US / Europe / Asia / Brazil,$500K–$25M,Lead,https://headline.com,,https://www.linkedin.com/company/headlinevc,https://twitter.com/headline,,"Sonos, Groupon, Farfetch",Warm Intro Recommended,No specific focus,Multi-geography
Global Brain,VC,Technology / IoT / AI,Seed to Growth,Japan / Global,$500K–$10M,Lead,https://globalbrains.com,,https://www.linkedin.com/company/global-brain-corporation,,,"SmartNews, FreakOut, QD Laser",Warm Intro Recommended,No specific focus,Tokyo-based VC
JAFCO,VC,Technology / Multi-sector,Early to Growth,Japan / Asia,$1M–$20M,Lead,https://www.jafco.co.jp/english,,https://www.linkedin.com/company/jafco,,,"Nomura Research, CyberAgent, DeNA",Warm Intro Recommended,No specific focus,Japan's largest VC
Wadi Accelerator / STC Ventures,VC,Technology / Telecom,Early Stage,Saudi Arabia / MENA,$250K–$5M,Both,https://www.stc.com.sa/wadi,,https://www.linkedin.com/company/stc-group,,,Various MENA startups,Warm Intro Recommended,No specific focus,Saudi telecom VC
Mubadala Ventures,VC,Technology / Multi-sector,Growth,Global / MENA,$10M–$100M+,Both,https://www.mubadala.com,,https://www.linkedin.com/company/mubadala,https://twitter.com/mubadala,,"Waymo, Virgin Hyperloop, Jio",Warm Intro Recommended,No specific focus,Abu Dhabi sovereign fund's VC arm
DisruptAD (ADQ),VC,Technology / Multi-sector,Early to Growth,MENA / Global,$5M–$50M,Both,https://www.disruptad.com,,https://www.linkedin.com/company/disruptad,https://twitter.com/disruptaborad,,Various MENA tech,Warm Intro Recommended,No specific focus,Abu Dhabi's tech investment platform
Flourish Ventures,VC,Fintech / Financial Inclusion,Early to Growth,Global (Emerging Mkts),$1M–$20M,Lead,https://flourishventures.com,,https://www.linkedin.com/company/flourish-ventures,https://twitter.com/flourishvp,,"Chime, Chipper Cash, Cred",Warm Intro Recommended,Yes — Focus on financial inclusion for underserved,Omidyar-linked fintech fund
Cathay Innovation,VC,Technology / Multi-sector,Series A–B,Global / Asia,$2M–$20M,Lead,https://cathayinnovation.com,,https://www.linkedin.com/company/cathay-innovation,https://twitter.com/cathayinnov,,"Vestiaire Collective, Exotec, Ynsect",Warm Intro Recommended,No specific focus,Cross-border US-Asia
B Capital Group,VC,Enterprise / Fintech / Health,Series B–C,Global,$10M–$60M,Lead,https://www.bcapgroup.com,,https://www.linkedin.com/company/b-capital-group,https://twitter.com/bcapgroup,,"Icertis, Evidation, Ninja Van",Warm Intro Recommended,No specific focus,Eduardo Saverin co-founded
DST Global,VC,Internet / Technology,Growth,Global,$50M–$500M+,Lead,https://dst.global,,https://www.linkedin.com/company/dst-global,,,"Facebook, Airbnb, Spotify",Warm Intro Recommended,No specific focus,Yuri Milner's fund
Norwest Venture Partners,VC,Healthcare / Enterprise / Consumer,Early to Growth,US / India / Israel,$1M–$50M,Lead,https://www.nvp.com,,https://www.linkedin.com/company/norwest-venture-partners,https://twitter.com/norwestaborvp,,"Uber, Spotify, Plaid",Warm Intro Recommended,No specific focus,Multi-stage multi-geography
Sapphire Ventures,VC,Enterprise / SaaS,Series A to Growth,US / Global,$2M–$50M,Lead,https://sapphireventures.com,,https://www.linkedin.com/company/sapphire-ventures,https://twitter.com/sapphirevc,,"LinkedIn, Box, Square",Warm Intro Recommended,No specific focus,Enterprise software focus
Scale Venture Partners,VC,Enterprise / SaaS,Series A–B,US,$2M–$25M,Lead,https://www.scalevp.com,,https://www.linkedin.com/company/scale-venture-partners,https://twitter.com/scalaborevp,,"Box, DocuSign, HubSpot",Warm Intro Recommended,No specific focus,SaaS metrics driven
Emergence Capital,VC,Enterprise / SaaS,Series A–B,US,$5M–$25M,Lead,https://www.emcap.com,,https://www.linkedin.com/company/emergence-capital,https://twitter.com/emergencecap,,"Zoom, Salesforce, Veeva",Warm Intro Recommended,No specific focus,Coaching-network SaaS fund
Menlo Ventures,VC,Technology / AI / Cyber,Early to Growth,US,$1M–$50M,Lead,https://menlovc.com,,https://www.linkedin.com/company/menlo-ventures,https://twitter.com/menloventures,,"Uber, Roku, Siri",Warm Intro Recommended,No specific focus,Silicon Valley since 1976
Canaan Partners,VC,Technology / Healthcare,Seed to Growth,US / Israel,$500K–$25M,Lead,https://www.canaan.com,,https://www.linkedin.com/company/canaan-partners,https://twitter.com/canaanaborpartners,,"Instacart, Lending Club, Match.com",Warm Intro Recommended,No specific focus,Healthcare + tech
Bain Capital Ventures,VC,Technology / Fintech / Healthcare,Seed to Growth,US / Global,$1M–$50M,Lead,https://www.baincapitalventures.com,,https://www.linkedin.com/company/bain-capital-ventures,https://twitter.com/BainCapVC,,"LinkedIn, DocuSign, SurveyMonkey",Warm Intro Recommended,No specific focus,Part of Bain Capital
8VC,VC,Technology / Logistics / Gov Tech,Early to Growth,US,$1M–$30M,Lead,https://8vc.com,,https://www.linkedin.com/company/8vc,https://twitter.com/8aborvc,,"Palantir, Oscar Health, Wish",Warm Intro Recommended,No specific focus,Joe Lonsdale's fund
a]ventures (formerly Almaz Capital),VC,Technology / Enterprise,Early to Growth,US / CIS / Europe,$500K–$10M,Lead,https://aventures.vc,,https://www.linkedin.com/company/almaz-capital,,,Various CIS/US startups,Warm Intro Recommended,No specific focus,Cross-border US-CIS
Dragoneer Investment Group,VC,Technology / Consumer,Growth,US / Global,$25M–$200M+,Lead,https://www.dragoneer.com,,https://www.linkedin.com/company/dragoneer-investment-group,,,"Airbnb, Slack, Snowflake",Warm Intro Recommended,No specific focus,Late-stage growth
D1 Capital Partners,VC,Technology / Consumer,Growth,US / Global,$25M–$200M+,Lead,https://d1cap.com,,https://www.linkedin.com/company/d1-capital-partners,,,"SpaceX, Instacart, Figs",Warm Intro Recommended,No specific focus,Crossover hedge/VC fund
Addition,VC,Technology / Multi-sector,Growth,Global,$25M–$200M+,Lead,https://addition.com,,https://www.linkedin.com/company/addition-vc,,,"Stripe, Figma, Flexport",Warm Intro Recommended,No specific focus,Lee Fixel's fund
Iconiq Capital,Family Office,Technology / Multi-sector,Growth,Global,$10M–$200M+,Follow,https://www.iconiqcapital.com,,https://www.linkedin.com/company/iconiq-capital,,,"Facebook, LinkedIn, Alibaba",Referral Only,No specific focus,Manages wealth for tech billionaires
Emerson Collective,Family Office,Technology / Education / Immigration / Climate,Seed to Growth,US / Global,$1M–$50M+,Lead,https://www.emersoncollective.com,,https://www.linkedin.com/company/emerson-collective,https://twitter.com/emaborersoncollect,,Various education/climate ventures,Warm Intro Recommended,"Yes — Focus on social justice, immigration, education equity",Laurene Powell Jobs
Breakthrough Energy Ventures,Family Office,Climate / Clean Energy,Early to Growth,Global,$5M–$50M,Lead,https://www.breakthroughenergy.org,,https://www.linkedin.com/company/breakthrough-energy,https://twitter.com/breaborakthrougheng,,"QuantumScape, Commonwealth Fusion, Pivot Bio",Open Application,Yes — Climate equity focus,Bill Gates led
Mousse Partners,Family Office,Consumer / Technology,Growth,US / Europe,$5M–$50M,Follow,https://www.moussepartners.com,,https://www.linkedin.com/company/mousse-partners,,,"Farfetch, various consumer",Referral Only,No specific focus,Chanel family office
Bezos Expeditions,Family Office,Technology / Multi-sector,Seed to Growth,Global,$100K–$100M+,Follow,https://www.bezosexpeditions.com,,,,,"Google, Uber, Airbnb",Referral Only,No specific focus,Jeff Bezos' personal investment vehicle
Vulcan Capital,Family Office,Technology / Real Estate / Impact,Multi-stage,US / Global,$5M–$100M+,Both,https://vulcan.com,,https://www.linkedin.com/company/vulcan-inc,https://twitter.com/vulcaninc,,Various tech and impact,Warm Intro Recommended,Yes — Impact investing focus,Paul Allen estate
March Capital,Family Office,Technology / AI / Cybersecurity,Series A–B,US,$5M–$25M,Lead,https://marchcp.com,,https://www.linkedin.com/company/march-capital-partners,https://twitter.com/marchaborcp,,Various AI/cybersecurity,Warm Intro Recommended,No specific focus,LA-based family office / VC hybrid
Wadhwani Foundation,Family Office,Technology / Entrepreneurship,Seed / Early,India / Global,$100K–$5M,Follow,https://www.wadhwanifoundation.org,,https://www.linkedin.com/company/wadhwani-foundation,https://twitter.com/wadhwani_f,,Various India startups,Open Application,Yes — Focus on job creation in developing economies,Romesh Wadhwani
Oprah Winfrey (Harpo),Family Office,Consumer / Media / Wellness,Seed to Growth,US,$1M–$25M,Follow,,,,https://twitter.com/Oprah,,"Weight Watchers, True Food Kitchen, various",Referral Only,Yes — Focus on women and POC entrepreneurs,Selective investments via Harpo
Laurene Powell Jobs (Emerson Collective),Family Office,Education / Technology / Climate,Early to Growth,US / Global,$1M–$50M,Lead,https://www.emersoncollective.com,,https://www.linkedin.com/company/emerson-collective,https://twitter.com/emersoncollect,,Various education/impact ventures,Warm Intro Recommended,Yes — Focus on social justice and equity,Steve Jobs' widow
Susquehanna Growth Equity,Family Office,Technology / Multi-sector,Growth,US / Global,$10M–$100M+,Follow,https://sfrg.com,,https://www.linkedin.com/company/susquehanna-growth-equity,,,Various tech growth,Warm Intro Recommended,No specific focus,Yefet family
Blue Pool Capital,Family Office,Technology / Multi-sector,Growth,Asia / Global,$10M–$100M+,Follow,https://www.bluepoolcap.com,,https://www.linkedin.com/company/blue-pool-capital,,,Various tech/consumer,Referral Only,No specific focus,Jack Ma / Joe Tsai family office
Wefox Family Office (Horizons),Family Office,Insurtech / Fintech,Early to Growth,Europe,€1M–€20M,Follow,,,,,,"wefox, various insurtech",Warm Intro Recommended,No specific focus,European insurtech family office
Hauser Private Equity (Wietlisbach),Family Office,Technology / Multi-sector,Growth,Europe / Global,$5M–$50M,Follow,,,,,,Various European tech,Referral Only,No specific focus,Partners Group co-founder
RIT Capital Partners (Rothschild),Family Office,Technology / Multi-sector,Growth,Global,$5M–$100M+,Follow,https://www.ritcap.com,,https://www.linkedin.com/company/rit-capital-partners,,,Various global tech,Referral Only,No specific focus,Rothschild family
Vy Capital,Family Office,Technology / Internet,Growth,Global,$5M–$100M+,Lead,https://www.vycapital.com,,https://www.linkedin.com/company/vy-capital,,,"Flo Health, Playrix, InDrive",Warm Intro Recommended,No specific focus,Alexander Tamas' investment vehicle
Mumtalakat,Family Office,Technology / Multi-sector,Growth,MENA / Global,$10M–$100M+,Follow,https://www.mumtalakat.bh,,https://www.linkedin.com/company/mumtalakat,,,Various MENA/global,Referral Only,No specific focus,Bahrain sovereign wealth / family office
Jebsen Group Family Office,Family Office,Technology / Consumer,Early to Growth,Hong Kong / Asia,$1M–$20M,Follow,,,,,,Various HK/Asia consumer,Referral Only,No specific focus,Hong Kong-based family office
KIRKBI (LEGO Family),Family Office,Technology / Sustainability / Play,Growth,Europe / Global,$5M–$50M,Follow,https://www.kirkbi.com,,https://www.linkedin.com/company/kirkbi,,,"Niantic, Epic Games, various",Referral Only,No specific focus,LEGO family holding company
Google Ventures (GV),CVC,Technology / Life Science / AI,Seed to Growth,US / Europe,$100K–$50M,Lead,https://www.gv.com,,https://www.linkedin.com/company/gv,https://twitter.com/googleventaborures,https://www.youtube.com/@GVteam,"Uber, Slack, Stripe",Open Application,No specific focus,Alphabet's venture arm
Salesforce Ventures,CVC,Enterprise / SaaS / AI,Seed to Growth,Global,$500K–$100M+,Both,https://www.salesforceventures.com,,https://www.linkedin.com/company/salesforce-ventures,https://twitter.com/salesforcevc,,"Snowflake, DocuSign, Zoom",Open Application,Yes — Trailblazer Fund for underrepresented founders,World's largest cloud-focused CVC
Intel Capital,CVC,Semiconductors / AI / Cloud,Early to Growth,Global,$1M–$50M,Both,https://www.intelcapital.com,,https://www.linkedin.com/company/intel-capital,https://twitter.com/intelcapital,,"MongoDB, DocuSign, Cloudera",Open Application,Yes — Intel Capital Diversity Fund,One of the most active CVCs
Samsung NEXT,CVC,Technology / AI / Blockchain,Seed to Growth,Global,$500K–$25M,Both,https://www.samsungnext.com,,https://www.linkedin.com/company/samsung-next,https://twitter.com/samsungnext,,Various AI/blockchain startups,Open Application,No specific focus,Samsung's innovation arm
Microsoft M12,CVC,Enterprise / AI / Infrastructure,Series A–C,Global,$1M–$25M,Both,https://m12.vc,,https://www.linkedin.com/company/m12vc,https://twitter.com/M12vc,,"Grab, Cruise, various",Open Application,No specific focus,Microsoft's venture fund
Qualcomm Ventures,CVC,5G / IoT / AI / Automotive,Early to Growth,Global,$500K–$25M,Both,https://www.qualcommventures.com,,https://www.linkedin.com/company/qualcomm-ventures,https://twitter.com/qualcommventure,,"Zoom, Fitbit, 99 Taxis",Open Application,No specific focus,Qualcomm's investment arm
Cisco Investments,CVC,Networking / Security / Infrastructure,Early to Growth,Global,$1M–$50M,Both,https://www.cisco.com/c/en/us/about/csr/impact/cisco-investments.html,,https://www.linkedin.com/company/cisco,https://twitter.com/cisco,,"Meraki, Jasper, various",Open Application,No specific focus,Cisco's venture arm
Nvidia GPU Ventures,CVC,AI / Deep Learning / Robotics,Early to Growth,Global,$1M–$25M,Both,https://www.nvidia.com,,https://www.linkedin.com/company/nvidia,https://twitter.com/nvidia,,"CoreWeave, Recursion, various AI",Open Application,No specific focus,Strategic AI investments
Amazon Alexa Fund,CVC,Voice / AI / Smart Home,Seed to Series B,Global,$500K–$10M,Both,https://developer.amazon.com/alexa-fund,,https://www.linkedin.com/company/amazon,https://twitter.com/alexafund,,"Ring, Ecobee, various voice/AI",Open Application,No specific focus,Voice/AI focused
Comcast Ventures,CVC,Media / Enterprise / Connectivity,Seed to Growth,US,$500K–$25M,Both,https://comcastventures.com,,https://www.linkedin.com/company/comcast-ventures,https://twitter.com/comaborcastventures,,"FanDuel, Slack, various",Open Application,Yes — Catalyst Fund for diverse founders,Comcast's venture arm
Sapphire Sport (SAP),CVC,Sport / Technology,Seed to Series B,US / Europe,$500K–$10M,Both,https://sapphire.vc,,https://www.linkedin.com/company/sapphire-ventures,https://twitter.com/sapphirevc,,Various sports tech,Open Application,No specific focus,SAP ecosystem
Robert Bosch Venture Capital,CVC,Industrial IoT / Mobility / Energy,Early to Growth,Europe / Global,€500K–€20M,Both,https://www.rbvc.com,,https://www.linkedin.com/company/robert-bosch-venture-capital,https://twitter.com/boschaborvc,,Various industrial IoT/mobility,Open Application,No specific focus,Bosch's venture arm
BMW i Ventures,CVC,Mobility / Sustainability / Supply Chain,Early to Growth,US / Europe,$500K–$25M,Both,https://www.bmwiventures.com,,https://www.linkedin.com/company/bmw-i-ventures,https://twitter.com/bmwiventures,,"Chargepoint, Nauto, Lime",Open Application,No specific focus,BMW's venture fund
Porsche Ventures,CVC,Mobility / AI / Web3,Seed to Growth,US / Europe,$500K–$20M,Both,https://ventures.porsche.com,,https://www.linkedin.com/company/porsche-ventures,https://twitter.com/porsche_vc,,Various mobility/AI startups,Open Application,No specific focus,Porsche's strategic VC
Siemens Venture Capital (SVC),CVC,Industrial Tech / Energy / Health,Early to Growth,Europe / Global,€1M–€20M,Both,https://new.siemens.com/global/en/company/venture-capital.html,,https://www.linkedin.com/company/siemens,,,Various industrial tech,Open Application,No specific focus,Siemens industrial focus
Citi Ventures,CVC,Fintech / Commerce / Data,Early to Growth,Global,$1M–$25M,Both,https://www.citigroup.com/global/our-impact/innovation/citi-ventures,,https://www.linkedin.com/company/citi-ventures,https://twitter.com/citiaborventures,,"Square, Plaid, various fintech",Open Application,No specific focus,Citibank's venture arm
American Express Ventures,CVC,Fintech / Commerce / Travel,Early to Growth,US / Global,$1M–$15M,Both,https://www.americanexpress.com/ventures,,https://www.linkedin.com/company/american-express,,,"Stripe, Plaid, Bill.com",Open Application,No specific focus,Amex's venture arm
Visa Ventures,CVC,Fintech / Payments / Commerce,Early to Growth,Global,$1M–$25M,Both,https://usa.visa.com/about-visa/visa-ventures.html,,https://www.linkedin.com/company/visa,https://twitter.com/visa,,"Square, Marqeta, Plaid",Open Application,No specific focus,Visa's strategic fund
Mastercard Start Path (Strategic Investments),CVC,Fintech / Payments / Crypto,Early to Growth,Global,$500K–$15M,Both,https://www.mastercard.com/startpath,,https://www.linkedin.com/company/mastercard,https://twitter.com/mastercard,,Various fintech/payments,Open Application,Yes — Start Path program for diverse founders,Mastercard's startup engagement
Alphabet / CapitalG,CVC,Technology / AI / Healthcare,Growth,Global,$10M–$100M+,Lead,https://www.capitalg.com,,https://www.linkedin.com/company/capitalg,https://twitter.com/capitalg,,"Stripe, Duolingo, CrowdStrike",Warm Intro Recommended,No specific focus,Alphabet's growth fund
Slack Fund (Salesforce),CVC,Workplace / Collaboration / SaaS,Seed to Series B,US / Global,$250K–$5M,Follow,https://slack.com/fund,,https://www.linkedin.com/company/slack,https://twitter.com/slackaborhq,,Various workplace/SaaS startups,Open Application,No specific focus,Now under Salesforce umbrella
Workday Ventures,CVC,Enterprise / HR / Finance,Early Stage,US,$1M–$10M,Follow,https://www.workday.com/en-us/company/workday-ventures.html,,https://www.linkedin.com/company/workday,https://twitter.com/workday,,Various HR/enterprise,Open Application,No specific focus,Workday's venture arm
Aramco Ventures,CVC,Energy / Sustainability / Deeptech,Early to Growth,Global / MENA,$5M–$50M,Both,https://www.aramcoventures.com,,https://www.linkedin.com/company/saudi-aramco-energy-ventures,,,Various energy/sustainability,Warm Intro Recommended,No specific focus,Saudi Aramco's venture arm
LG Technology Ventures,CVC,AI / Robotics / Energy,Early to Growth,Global / Korea,$1M–$20M,Both,https://www.lgtechventures.com,,https://www.linkedin.com/company/lg-technology-ventures,,,Various AI/robotics,Open Application,No specific focus,LG's venture arm
Sony Innovation Fund,CVC,Entertainment / AI / Robotics,Seed to Growth,Global / Japan,$500K–$10M,Both,https://www.sonyinnovationfund.com,,https://www.linkedin.com/company/sony-innovation-fund,,,Various entertainment/AI startups,Open Application,No specific focus,Sony's venture arm
Mitsubishi UFJ Capital,CVC,Technology / Fintech / Healthcare,Early to Growth,Japan / Global,$500K–$20M,Both,https://www.mucap.co.jp/en/,,https://www.linkedin.com/company/mitsubishi-ufj-capital,,,Various fintech/healthcare,Open Application,No specific focus,Japan's major banking CVC
Tencent Investment,CVC,Gaming / Social / Fintech / AI,Early to Growth,Global / China,$1M–$500M+,Both,https://www.tencent.com,,https://www.linkedin.com/company/tencent,https://twitter.com/taborencent,,"Spotify, Snap, Epic Games",Warm Intro Recommended,No specific focus,One of world's most active CVCs
Baidu Ventures,CVC,AI / Autonomous Driving,Early to Growth,China / US,$1M–$20M,Both,https://ventures.baidu.com,,https://www.linkedin.com/company/baidu-ventures,,,Various AI startups,Open Application,No specific focus,Baidu's AI-focused fund
