Name,Category,Free or Paid,Description,Website URL,Notes
Slidebean,Pitch Deck,Freemium,"AI-powered pitch deck builder with startup templates",https://slidebean.com,Free basic; paid plans from $29/mo; used by 30K+ startups globally
Canva Pitch Deck Templates,Pitch Deck,Free,"Free pitch deck templates with drag-and-drop editor",https://www.canva.com/presentations/templates/pitch-deck,Generous free tier; collaborative editing
Guy Kawasaki 10/20/30 Template,Pitch Deck,Free,"Classic 10-slide pitch deck framework template",https://guykawasaki.com/the-only-10-slides-you-need-in-your-pitch,Free download; industry-standard framework
YC Seed Deck Template,Pitch Deck,Free,"Y Combinator's recommended seed stage pitch deck",https://www.ycombinator.com/library/2u-how-to-build-your-seed-round-pitch-deck,Free; proven format for seed raises
Pitch Deck Hunt,Pitch Deck,Free,"Collection of 100+ real pitch decks from funded startups",https://www.pitchdeckhunt.com,Free resource; see what actually got funded
Beautiful.ai,Pitch Deck,Freemium,"AI-powered presentation software with smart formatting",https://www.beautiful.ai,Free basic; Pro from $12/mo; auto-designs slides
Pitch,Pitch Deck,Freemium,"Collaborative presentation platform for teams",https://pitch.com,Free for starters; built for startup teams
Figma Pitch Deck Templates,Pitch Deck,Free,"Community pitch deck templates in Figma",https://www.figma.com/community/tag/pitch%20deck,Free with Figma account; highly customizable
Google Slides Startup Templates,Pitch Deck,Free,"Free pitch deck templates for Google Slides",https://slidesgo.com/theme/startup-pitch-deck,Free; easy to customize and share
Unicorn Pitch Deck Template,Pitch Deck,Free,"Templates based on decks from billion-dollar startups",https://www.basetemplates.com/pitch-deck-template,Free to download; modeled on real unicorn decks
Sequoia Pitch Deck Template,Pitch Deck,Free,"Based on Sequoia Capital's recommended pitch format",https://www.slideteam.net/sequoia-capital-pitch-deck,Free template; follows Sequoia's structure guidelines
DocSend Pitch Deck Template,Pitch Deck,Free,"Template with data-driven insights on what investors read",https://www.docsend.com/index/pitch-deck-template,Free; based on analysis of 200+ funded decks
Causal,Financial Model,Freemium,"Visual financial modeling platform for startups",https://www.causal.app,Free for individuals; scenarios and forecasting
Pry (now Brex),Financial Model,Free,"Financial planning and modeling tool for startups",https://pry.co,Acquired by Brex; free financial dashboards
Standard Metrics,Financial Model,Freemium,"Investor reporting and financial metrics dashboard",https://www.standardmetrics.io,Free for startups; paid for investors
Finmark (by BILL),Financial Model,Freemium,"Financial modeling tool built for startups",https://finmark.com,Free trial; easy financial projections
Foresight,Financial Model,Paid,"3-statement financial model builder",https://www.foresight.is,Paid templates; Excel-based financial models
Liveplan,Financial Model,Paid,"Business planning and financial forecasting software",https://www.liveplan.com,From $20/mo; good for business plan + financials
Taylor Davidson SaaS Model,Financial Model,Free,"Open-source SaaS financial model spreadsheet",https://www.foresight.is/saas,Free Google Sheets template; popular with SaaS founders
ProjectionHub,Financial Model,Freemium,"Financial projection templates by industry",https://www.projectionhub.com,Free basic templates; paid custom models from $50
Coda Startup Finance Templates,Financial Model,Free,"Free financial model templates in Coda",https://coda.io/gallery?filter=finance,Free; collaborative and flexible
Carta,Cap Table,Freemium,"Cap table management and equity administration",https://carta.com,Free Launch plan for early startups; industry standard globally
Pulley,Cap Table,Freemium,"Cap table management for startups",https://pulley.com,Free for up to 25 stakeholders; YC-backed
LTSE Equity,Cap Table,Free,"Free cap table management tool",https://equity.ltse.com,Completely free; Long-Term Stock Exchange product
Captable.io (by AngelList),Cap Table,Free,"Free cap table tool by AngelList",https://captable.io,Free; integrates with AngelList Stack
Ledgy,Cap Table,Freemium,"European equity management platform",https://www.ledgy.com,Free for early-stage; strong in EU/UK markets
Eqvista,Cap Table,Freemium,"Cap table management and 409A valuations",https://eqvista.com,Free basic plan; includes valuation tools
Shareworks (Morgan Stanley),Cap Table,Paid,"Enterprise equity management platform",https://www.shareworks.com,Paid; better for growth-stage and public companies
Global Shares,Cap Table,Paid,"Global equity plan management",https://www.globalshares.com,Paid; supports 100+ countries for equity admin
Clerky,Legal,Paid,"Automated legal docs for startup incorporation",https://www.clerky.com,From $99; Delaware C-Corp formation and ongoing legal
Stripe Atlas,Legal,Paid,"Startup incorporation and banking setup",https://stripe.com/atlas,One-time $500; includes incorporation + bank account globally
YC SAFE (Simple Agreement for Future Equity),Legal,Free,"Standard convertible instrument templates",https://www.ycombinator.com/documents,Free; industry-standard SAFE documents
NVCA Model Legal Documents,Legal,Free,"Standard VC deal document templates",https://nvca.org/model-legal-documents,Free; term sheets and investment agreements
Orrick Startup Toolkit,Legal,Free,"Free legal document templates for startups",https://www.orrick.com/en/Total-Access/Tool-Kit,Free; from top Silicon Valley law firm
Cooley GO,Legal,Free,"Free legal document generator and startup resources",https://www.cooleygo.com/documents,Free; generate incorporation and financing docs
LegalZoom,Legal,Paid,"Online legal services for business formation",https://www.legalzoom.com,From $0 + state fees; LLC/Corp formation
Firstbase.io,Legal,Paid,"US company formation for global founders",https://www.firstbase.io,From $399; helps international founders incorporate in US
Notion Startup Templates,Operations,Free,"Pre-built Notion templates for startup operations",https://www.notion.so/templates/category/startups,Free with Notion; OKRs/roadmaps/hiring/wiki
Airtable Startup Templates,Operations,Freemium,"Pre-built Airtable bases for startup workflows",https://www.airtable.com/templates,Free tier available; CRM/project management/inventory
Coda Startup Templates,Operations,Free,"Startup operation templates in Coda",https://coda.io/gallery?filter=startups,Free; docs that work like apps
Linear,Operations,Freemium,"Modern project management for product teams",https://linear.app,Free for small teams; fast issue tracking
Asana Startup Templates,Operations,Freemium,"Project management templates for startups",https://asana.com/templates,Free for up to 10 users; goal tracking
Trello Startup Board Templates,Operations,Freemium,"Kanban board templates for startup workflows",https://trello.com/templates/business,Free tier; visual project management
Slite,Operations,Freemium,"Knowledge base and documentation for teams",https://slite.com,Free for small teams; AI-powered search
Product Hunt,Marketing,Free,"Launch platform for new products",https://www.producthunt.com,Free to launch; global audience of early adopters
BetaList,Marketing,Freemium,"Platform for launching startup betas",https://betalist.com,Free basic listing; paid featured from $129
Indie Hackers,Marketing,Free,"Community for bootstrapped startup founders",https://www.indiehackers.com,Free; share your startup journey and get feedback
Hacker News (Show HN),Marketing,Free,"Launch and share startups with tech community",https://news.ycombinator.com,Free; high-quality tech audience; can drive massive traffic
AppSumo,Marketing,Paid,"Marketplace for launching software deals",https://appsumo.com,Revenue share model; great for early traction
Uneed,Marketing,Free,"Directory for launching AI and tech products",https://www.uneed.best,Free submission; curated product directory
SaaSHub,Marketing,Free,"SaaS discovery and comparison platform",https://www.saashub.com,Free listing; helps users find your SaaS alternative
Mixpanel,Analytics,Freemium,"Product analytics and user behavior tracking",https://mixpanel.com,Free up to 20M events/mo; powerful funnels and retention
Amplitude,Analytics,Freemium,"Digital analytics platform for product teams",https://amplitude.com,Free up to 10M events/mo; behavioral analytics
PostHog,Analytics,Freemium,"Open-source product analytics suite",https://posthog.com,Free up to 1M events/mo; self-hostable; feature flags included
Google Analytics,Analytics,Free,"Web and app analytics platform",https://analytics.google.com,Free; essential web analytics; GA4 standard
Hotjar,Analytics,Freemium,"Heatmaps and session recording tool",https://www.hotjar.com,Free basic plan; see how users interact with your site
Plausible Analytics,Analytics,Paid,"Privacy-friendly web analytics",https://plausible.io,From €9/mo; open-source; GDPR compliant; EU-hosted option
June.so,Analytics,Freemium,"Product analytics built for B2B SaaS",https://june.so,Free for up to 1K active users; auto-generated reports
Mercury,Banking,Free,"Banking platform designed for startups",https://mercury.com,No fees; US-based but serves global founders
Brex,Banking,Free,"Corporate card and spend management for startups",https://brex.com,No personal guarantee; cash management + cards
Relay,Banking,Free,"Business banking with smart features",https://relayfi.com,No fees; profit-first banking approach
Wise Business,Banking,Freemium,"Multi-currency business account",https://wise.com/business,Low-fee international transfers; 40+ currencies; great for global startups
Revolut Business,Banking,Freemium,"Digital business banking platform",https://www.revolut.com/business,Free basic plan; multi-currency; available in 35+ countries
Airwallex,Banking,Freemium,"Global business account and payments",https://www.airwallex.com,Multi-currency accounts; good for cross-border startups
Ramp,Banking,Free,"Corporate card with built-in savings",https://ramp.com,Free; automated expense management
